province,district,sub-district,unit_number,village,place,latitude,longitude,full_address
ลำปาง,งาว,นาแก,1,1,ศาลาเอนกประสงค์  บ้านทุ่งศาลา,18.78490901,99.97075416,"ศาลาเอนกประสงค์  บ้านทุ่งศาลา, หมู่ที่ 1, นาแก, งาว, ลำปาง"
ลำปาง,งาว,นาแก,2,2,ศาลาประชาคม วัดหนองเหียง,18.77575856,99.9687307,"ศาลาประชาคม วัดหนองเหียง, หมู่ที่ 2, นาแก, งาว, ลำปาง"
ลำปาง,งาว,นาแก,3,3,ศาลาวัดนาแก,18.7718736,99.95805296,"ศาลาวัดนาแก, หมู่ที่ 3, นาแก, งาว, ลำปาง"
ลำปาง,งาว,นาแก,4,4,ศาลากลางหมู่บ้าน บ้านแม่ฮ่าง,18.84305532,99.86316604,"ศาลากลางหมู่บ้าน บ้านแม่ฮ่าง, หมู่ที่ 4, นาแก, งาว, ลำปาง"
ลำปาง,งาว,นาแก,5,5,โรงเรียนแม่แป้นวิทยา,18.80573498,99.9180159,"โรงเรียนแม่แป้นวิทยา, หมู่ที่ 5, นาแก, งาว, ลำปาง"
ลำปาง,งาว,นาแก,6,6,ศาลากลางหมู่บ้าน บ้านสันติสุข,18.85777202,99.83776095,"ศาลากลางหมู่บ้าน บ้านสันติสุข, หมู่ที่ 6, นาแก, งาว, ลำปาง"
ลำปาง,งาว,บ้านร้อง,1,1,ศาลากลางหมู่บ้าน บ้านนาแรม,18.88587200323684,99.94414354294632,"ศาลากลางหมู่บ้าน บ้านนาแรม, หมู่ที่ 1, บ้านร้อง, งาว, ลำปาง"
ลำปาง,งาว,บ้านร้อง,2,2,ศาลากลางหมู่บ้าน บ้านร้อง,18.883012845726896,99.94228678434922,"ศาลากลางหมู่บ้าน บ้านร้อง, หมู่ที่ 2, บ้านร้อง, งาว, ลำปาง"
ลำปาง,งาว,บ้านร้อง,3,3,ศาลาวัดสบป๋อน,18.8791212,99.9433027,"ศาลาวัดสบป๋อน, หมู่ที่ 3, บ้านร้อง, งาว, ลำปาง"
ลำปาง,งาว,บ้านร้อง,4,4,ศาลาประชาคมบ้านข่อย,18.94755483,99.87951731,"ศาลาประชาคมบ้านข่อย, หมู่ที่ 4, บ้านร้อง, งาว, ลำปาง"
ลำปาง,งาว,บ้านร้อง,5,5,ศาลาวัดบ้านผาแดง,19.00439384,99.79591472,"ศาลาวัดบ้านผาแดง, หมู่ที่ 5, บ้านร้อง, งาว, ลำปาง"
ลำปาง,งาว,บ้านร้อง,6,6,ศาลากลางหมู่บ้าน บ้านปากบอก,18.88036343510376,99.94443223476921,"ศาลากลางหมู่บ้าน บ้านปากบอก, หมู่ที่ 6, บ้านร้อง, งาว, ลำปาง"
ลำปาง,งาว,บ้านร้อง,7,7,ศาลาประชาคมหมู่บ้าน,18.881585166798455,99.94761495464705,"ศาลาประชาคมหมู่บ้าน, หมู่ที่ 7, บ้านร้อง, งาว, ลำปาง"
ลำปาง,งาว,บ้านร้อง,8,8,โรงเรียนบ้านใหม่พัฒนา,19.03591755,99.7854134,"โรงเรียนบ้านใหม่พัฒนา, หมู่ที่ 8, บ้านร้อง, งาว, ลำปาง"
ลำปาง,งาว,บ้านร้อง,9,9,ศาลากลางหมู่บ้าน บ้านท่าเจริญ,18.91680169,99.93975517,"ศาลากลางหมู่บ้าน บ้านท่าเจริญ, หมู่ที่ 9, บ้านร้อง, งาว, ลำปาง"
ลำปาง,งาว,บ้านร้อง,10,10,ศาลากลางหมู่บ้าน บ้านร้องพัฒนา,18.88498964913404,99.94743653328823,"ศาลากลางหมู่บ้าน บ้านร้องพัฒนา, หมู่ที่ 10, บ้านร้อง, งาว, ลำปาง"
ลำปาง,งาว,บ้านร้อง,11,11,โรงเรียนบ้านข่อยมิตรภาพที่ 110 สาขาแม่งาว,18.88851061,99.93246889,"โรงเรียนบ้านข่อยมิตรภาพที่ 110 สาขาแม่งาว, หมู่ที่ 11, บ้านร้อง, งาว, ลำปาง"
ลำปาง,งาว,บ้านร้อง,12,12,ศาลากลางหมู่บ้าน บ้านชนแดน,18.96319997,99.91976108,"ศาลากลางหมู่บ้าน บ้านชนแดน, หมู่ที่ 12, บ้านร้อง, งาว, ลำปาง"
ลำปาง,งาว,บ้านร้อง,13,13,โรงเรียนบ้านแม่งาวใต้ สาขาแม่คำหล้า,18.96978355,99.80966763,"โรงเรียนบ้านแม่งาวใต้ สาขาแม่คำหล้า, หมู่ที่ 13, บ้านร้อง, งาว, ลำปาง"
ลำปาง,งาว,บ้านหวด,1,1,ศาลากลางหมู่บ้านบ้านร่องต้า,18.68223699555211,99.93129312221481,"ศาลากลางหมู่บ้านบ้านร่องต้า, หมู่ที่ 1, บ้านหวด, งาว, ลำปาง"
ลำปาง,งาว,บ้านหวด,2,2,ศูนย์พัฒนาตำบลบ้านหวด,18.678574032214815,99.93097265444788,"ศูนย์พัฒนาตำบลบ้านหวด, หมู่ที่ 2, บ้านหวด, งาว, ลำปาง"
ลำปาง,งาว,บ้านหวด,3,3,โรงเรียนไทยรัฐวิทยา 85,18.6084847,99.9043567,"โรงเรียนไทยรัฐวิทยา 85, หมู่ที่ 3, บ้านหวด, งาว, ลำปาง"
ลำปาง,งาว,บ้านหวด,4,3,ศาลาวัดห้วยทาก,18.678253564447893,99.93463561778518,"ศาลาวัดห้วยทาก, หมู่ที่ 3, บ้านหวด, งาว, ลำปาง"
ลำปาง,งาว,บ้านหวด,5,4,ศาลาวัดปางหละ,18.54743672,99.8463753,"ศาลาวัดปางหละ, หมู่ที่ 4, บ้านหวด, งาว, ลำปาง"
ลำปาง,งาว,บ้านหวด,6,5,สำนักสงฆ์แม่พร้าว,18.57761847,99.89551589,"สำนักสงฆ์แม่พร้าว, หมู่ที่ 5, บ้านหวด, งาว, ลำปาง"
ลำปาง,งาว,บ้านหวด,7,6,ศาลากลางหมู่บ้าน บ้านใหม่ธานี,18.681916527785187,99.9349560855521,"ศาลากลางหมู่บ้าน บ้านใหม่ธานี, หมู่ที่ 6, บ้านหวด, งาว, ลำปาง"
ลำปาง,งาว,บ้านอ้อน,1,1,ศาลากลางหมู่บ้าน บ้านแม่กวัก,18.771968425050005,99.914580349913,"ศาลากลางหมู่บ้าน บ้านแม่กวัก, หมู่ที่ 1, บ้านอ้อน, งาว, ลำปาง"
ลำปาง,งาว,บ้านอ้อน,2,2,ศาลากลางหมู่บ้าน บ้านอ้อนใต้,18.768385709912994,99.91375321494999,"ศาลากลางหมู่บ้าน บ้านอ้อนใต้, หมู่ที่ 2, บ้านอ้อน, งาว, ลำปาง"
ลำปาง,งาว,บ้านอ้อน,3,3,ศาลากลางหมู่บ้าน บ้านอ้อนเหนือ,18.767558574949994,99.917335930087,"ศาลากลางหมู่บ้าน บ้านอ้อนเหนือ, หมู่ที่ 3, บ้านอ้อน, งาว, ลำปาง"
ลำปาง,งาว,บ้านอ้อน,4,4,โรงเรียนปงมะโอ,18.75601564,99.92988872,"โรงเรียนปงมะโอ, หมู่ที่ 4, บ้านอ้อน, งาว, ลำปาง"
ลำปาง,งาว,บ้านอ้อน,5,5,ศาลาประชาคมบ้านห้วยหก,18.71929744,99.81780626,"ศาลาประชาคมบ้านห้วยหก, หมู่ที่ 5, บ้านอ้อน, งาว, ลำปาง"
ลำปาง,งาว,บ้านอ้อน,6,6,โรงเรียนบ้านอ้อน สาขาหัวทุ่ง,18.75815084,99.91398994,"โรงเรียนบ้านอ้อน สาขาหัวทุ่ง, หมู่ที่ 6, บ้านอ้อน, งาว, ลำปาง"
ลำปาง,งาว,บ้านอ้อน,7,7,ศาลาวัดบ้านแม่กวัก,18.771141290087005,99.91816306505001,"ศาลาวัดบ้านแม่กวัก, หมู่ที่ 7, บ้านอ้อน, งาว, ลำปาง"
ลำปาง,งาว,บ้านอ้อน,8,8,โรงเรียนบ้านแม่กวัก สาขาขุนอ้อนพัฒนา,18.77390573,99.91828125,"โรงเรียนบ้านแม่กวัก สาขาขุนอ้อนพัฒนา, หมู่ที่ 8, บ้านอ้อน, งาว, ลำปาง"
ลำปาง,งาว,บ้านแหง,1,1,ศาลากลางหมู่บ้าน บ้านแหงเหนือ,18.764970961922916,100.0102195407821,"ศาลากลางหมู่บ้าน บ้านแหงเหนือ, หมู่ที่ 1, บ้านแหง, งาว, ลำปาง"
ลำปาง,งาว,บ้านแหง,2,2,ศาลาอเนกประสงค์วัดบุญยืน,18.76574131,100.0089421,"ศาลาอเนกประสงค์วัดบุญยืน, หมู่ที่ 2, บ้านแหง, งาว, ลำปาง"
ลำปาง,งาว,บ้านแหง,3,3,ศาลาวัดร่องเห็ด,18.76224645,100.0047792,"ศาลาวัดร่องเห็ด, หมู่ที่ 3, บ้านแหง, งาว, ลำปาง"
ลำปาง,งาว,บ้านแหง,4,4,ศาลากลางหมู่บ้าน บ้านบ่อห้อ,18.74944377,100.0311454,"ศาลากลางหมู่บ้าน บ้านบ่อห้อ, หมู่ที่ 4, บ้านแหง, งาว, ลำปาง"
ลำปาง,งาว,บ้านแหง,5,4,ศาลาวัดศรีบุญเรือง,18.77665981,100.0224615,"ศาลาวัดศรีบุญเรือง, หมู่ที่ 4, บ้านแหง, งาว, ลำปาง"
ลำปาง,งาว,บ้านแหง,6,5,ศาลาประชาคม บ้านแม่งอน,18.74655873,100.016611,"ศาลาประชาคม บ้านแม่งอน, หมู่ที่ 5, บ้านแหง, งาว, ลำปาง"
ลำปาง,งาว,บ้านแหง,7,6,ศาลาประชาคม บ้านทุ่งโป่ง,18.74381432,100.0321601,"ศาลาประชาคม บ้านทุ่งโป่ง, หมู่ที่ 6, บ้านแหง, งาว, ลำปาง"
ลำปาง,งาว,บ้านแหง,8,7,ศาลาหน้าวัดแหงเหนือ,18.7721024,100.0086769,"ศาลาหน้าวัดแหงเหนือ, หมู่ที่ 7, บ้านแหง, งาว, ลำปาง"
ลำปาง,งาว,บ้านแหง,9,8,ศาลาสำนักสงฆ์ใหม่สามัคคี,18.761862378077087,100.00770225921791,"ศาลาสำนักสงฆ์ใหม่สามัคคี, หมู่ที่ 8, บ้านแหง, งาว, ลำปาง"
ลำปาง,งาว,บ้านโป่ง,1,1,ศาลากลางหมู่บ้าน บ้านสบเอิม,18.710446964799203,99.9380390680143,"ศาลากลางหมู่บ้าน บ้านสบเอิม, หมู่ที่ 1, บ้านโป่ง, งาว, ลำปาง"
ลำปาง,งาว,บ้านโป่ง,2,2,ศาลากลางหมู่บ้าน SML,18.71078638553428,99.94066551285175,"ศาลากลางหมู่บ้าน SML, หมู่ที่ 2, บ้านโป่ง, งาว, ลำปาง"
ลำปาง,งาว,บ้านโป่ง,3,3,ศาลากลางหมู่บ้าน บ้านสบพลึง,18.712491887710694,99.94269151414636,"ศาลากลางหมู่บ้าน บ้านสบพลึง, หมู่ที่ 3, บ้านโป่ง, งาว, ลำปาง"
ลำปาง,งาว,บ้านโป่ง,4,4,ศาลาโป่งหนองบัว,18.71502198643794,99.94347383080215,"ศาลาโป่งหนองบัว, หมู่ที่ 4, บ้านโป่ง, งาว, ลำปาง"
ลำปาง,งาว,บ้านโป่ง,5,5,ศาลากลางหมู่บ้าน บ้านเป๊าะ,18.717573393246937,99.94276408280847,"ศาลากลางหมู่บ้าน บ้านเป๊าะ, หมู่ที่ 5, บ้านโป่ง, งาว, ลำปาง"
ลำปาง,งาว,บ้านโป่ง,6,6,ศาลากลางหมู่บ้าน บ้านเหล่า,18.71933605450321,99.9407876101385,"ศาลากลางหมู่บ้าน บ้านเหล่า, หมู่ที่ 6, บ้านโป่ง, งาว, ลำปาง"
ลำปาง,งาว,บ้านโป่ง,7,7,ศาลากลางหมู่บ้าน บ้านหาดเชี่ยว,18.71975033771226,99.93817192889985,"ศาลากลางหมู่บ้าน บ้านหาดเชี่ยว, หมู่ที่ 7, บ้านโป่ง, งาว, ลำปาง"
ลำปาง,งาว,บ้านโป่ง,8,8,ศาลากลางหมู่บ้าน บ้านต้นมื่น,18.7186847108824,99.93574749940427,"ศาลากลางหมู่บ้าน บ้านต้นมื่น, หมู่ที่ 8, บ้านโป่ง, งาว, ลำปาง"
ลำปาง,งาว,บ้านโป่ง,9,9,ศาลาอเนกประสงค์ หมู่ที่ 9,18.71647750300275,99.93428406088643,"ศาลาอเนกประสงค์ หมู่ที่ 9, หมู่ที่ 9, บ้านโป่ง, งาว, ลำปาง"
ลำปาง,งาว,บ้านโป่ง,10,10,ศาลาวัดบ้านเป๊าะ,18.71550771,99.97175808,"ศาลาวัดบ้านเป๊าะ, หมู่ที่ 10, บ้านโป่ง, งาว, ลำปาง"
ลำปาง,งาว,บ้านโป่ง,11,11,ศาลากลางหมู่บ้าน บ้านสันโค้งพัฒนา,18.713829486979716,99.93424624473555,"ศาลากลางหมู่บ้าน บ้านสันโค้งพัฒนา, หมู่ที่ 11, บ้านโป่ง, งาว, ลำปาง"
ลำปาง,งาว,บ้านโป่ง,12,12,ศาลากลางหมู่บ้าน บ้านโป่งแก้ว,18.71158138919062,99.93564605731235,"ศาลากลางหมู่บ้าน บ้านโป่งแก้ว, หมู่ที่ 12, บ้านโป่ง, งาว, ลำปาง"
ลำปาง,งาว,ปงเตา,1,1,ศาลากลางหมู่บ้าน บ้านปงเตา,18.824833054231494,99.93894485576851,"ศาลากลางหมู่บ้าน บ้านปงเตา, หมู่ที่ 1, ปงเตา, งาว, ลำปาง"
ลำปาง,งาว,ปงเตา,2,2,หอประชุมประจำหมู่บ้าน บ้านห้วยอูน,18.82752006,99.94005785,"หอประชุมประจำหมู่บ้าน บ้านห้วยอูน, หมู่ที่ 2, ปงเตา, งาว, ลำปาง"
ลำปาง,งาว,ปงเตา,3,3,สำนักสงฆ์พร้าวใหม่,18.82686208,99.95013333,"สำนักสงฆ์พร้าวใหม่, หมู่ที่ 3, ปงเตา, งาว, ลำปาง"
ลำปาง,งาว,ปงเตา,4,4,ศาลากลางหมู่บ้าน บ้านปันเหนือ,18.83020706576851,99.93894485576851,"ศาลากลางหมู่บ้าน บ้านปันเหนือ, หมู่ที่ 4, ปงเตา, งาว, ลำปาง"
ลำปาง,งาว,ปงเตา,5,5,ศาลาวัดปันใต้,18.79900778,99.96614398,"ศาลาวัดปันใต้, หมู่ที่ 5, ปงเตา, งาว, ลำปาง"
ลำปาง,งาว,ปงเตา,6,6,โรงเรียนบ่อสี่เหลี่ยม,18.89179482,99.81715787,"โรงเรียนบ่อสี่เหลี่ยม, หมู่ที่ 6, ปงเตา, งาว, ลำปาง"
ลำปาง,งาว,ปงเตา,7,7,ศาลากลางหมู่บ้าน บ้านขุนแหง,18.83132006,99.93625785,"ศาลากลางหมู่บ้าน บ้านขุนแหง, หมู่ที่ 7, ปงเตา, งาว, ลำปาง"
ลำปาง,งาว,ปงเตา,8,8,ศาลากลางหมู่บ้าน บ้านหัวทุ่ง,18.83798702,99.90633151,"ศาลากลางหมู่บ้าน บ้านหัวทุ่ง, หมู่ที่ 8, ปงเตา, งาว, ลำปาง"
ลำปาง,งาว,ปงเตา,9,9,ศาลากลางหมู่บ้าน บ้านปันพัฒนา,18.83020706576851,99.9335708442315,"ศาลากลางหมู่บ้าน บ้านปันพัฒนา, หมู่ที่ 9, ปงเตา, งาว, ลำปาง"
ลำปาง,งาว,ปงเตา,10,10,ศาลาหลางหมู่บ้าน บ้านห้วยน้ำตื้น,18.87978011,99.85329324,"ศาลาหลางหมู่บ้าน บ้านห้วยน้ำตื้น, หมู่ที่ 10, ปงเตา, งาว, ลำปาง"
ลำปาง,งาว,ปงเตา,11,11,ศาลากลางหมู่บ้าน บ้านสามเหลี่ยม,18.82752006,99.93245785,"ศาลากลางหมู่บ้าน บ้านสามเหลี่ยม, หมู่ที่ 11, ปงเตา, งาว, ลำปาง"
ลำปาง,งาว,ปงเตา,12,12,ศาลากลางหมู่บ้าน บ้านปงเตา,18.824833054231494,99.9335708442315,"ศาลากลางหมู่บ้าน บ้านปงเตา, หมู่ที่ 12, ปงเตา, งาว, ลำปาง"
ลำปาง,งาว,ปงเตา,13,13,ศาลากลางหมู่บ้าน พร้าวใหม่พัฒนา,18.823720060000003,99.93625785,"ศาลากลางหมู่บ้าน พร้าวใหม่พัฒนา, หมู่ที่ 13, ปงเตา, งาว, ลำปาง"
ลำปาง,งาว,หลวงเหนือ,1,1,ศาลาวัดสบแหง,18.74911413,99.9878839,"ศาลาวัดสบแหง, หมู่ที่ 1, หลวงเหนือ, งาว, ลำปาง"
ลำปาง,งาว,หลวงเหนือ,2,2,ศาลาวัดดอกป้าน,18.7494142,99.98607391,"ศาลาวัดดอกป้าน, หมู่ที่ 2, หลวงเหนือ, งาว, ลำปาง"
ลำปาง,งาว,หลวงเหนือ,3,3,ศาลาวัดหลวง,18.75256362,99.98074551,"ศาลาวัดหลวง, หมู่ที่ 3, หลวงเหนือ, งาว, ลำปาง"
ลำปาง,งาว,หลวงเหนือ,4,4,ศาลาวัดต้นต้อง,18.76749797,99.98203623,"ศาลาวัดต้นต้อง, หมู่ที่ 4, หลวงเหนือ, งาว, ลำปาง"
ลำปาง,งาว,หลวงเหนือ,5,4,ศาลาอเนกประสงค์หนองเต่า,18.752713851909796,99.98052041834742,"ศาลาอเนกประสงค์หนองเต่า, หมู่ที่ 4, หลวงเหนือ, งาว, ลำปาง"
ลำปาง,งาว,หลวงเหนือ,6,5,ศาลาวัดศรีมุงเมือง,18.76378677,99.97648252,"ศาลาวัดศรีมุงเมือง, หมู่ที่ 5, หลวงเหนือ, งาว, ลำปาง"
ลำปาง,งาว,หลวงเหนือ,7,6,ศาลาวัดทุ่งโป้ศรัทธาราม,18.753749128090206,99.98438412165257,"ศาลาวัดทุ่งโป้ศรัทธาราม, หมู่ที่ 6, หลวงเหนือ, งาว, ลำปาง"
ลำปาง,งาว,หลวงใต้,1,1,ศาลากลางหมู่บ้าน บ้านน้ำจำ,18.73201861,99.97345626,"ศาลากลางหมู่บ้าน บ้านน้ำจำ, หมู่ที่ 1, หลวงใต้, งาว, ลำปาง"
ลำปาง,งาว,หลวงใต้,2,2,ศาลาอเนกประสงค์บ้านทุ่ง,18.74885887,99.97245208,"ศาลาอเนกประสงค์บ้านทุ่ง, หมู่ที่ 2, หลวงใต้, งาว, ลำปาง"
ลำปาง,งาว,หลวงใต้,3,3,ศาลาวัดน้ำล้อม,18.76992243,99.98035791,"ศาลาวัดน้ำล้อม, หมู่ที่ 3, หลวงใต้, งาว, ลำปาง"
ลำปาง,งาว,หลวงใต้,4,4,ศาลาวัดปงคก,18.75001567,99.97934094,"ศาลาวัดปงคก, หมู่ที่ 4, หลวงใต้, งาว, ลำปาง"
ลำปาง,งาว,หลวงใต้,5,5,ศาลาวัดทุ่งสุ่ม,18.74727376,99.98292674,"ศาลาวัดทุ่งสุ่ม, หมู่ที่ 5, หลวงใต้, งาว, ลำปาง"
ลำปาง,งาว,หลวงใต้,6,6,ศาลาวัดวังควาย,18.74132238,99.98673669,"ศาลาวัดวังควาย, หมู่ที่ 6, หลวงใต้, งาว, ลำปาง"
ลำปาง,งาว,หลวงใต้,7,7,ศาลากลางหมู่บ้าน บ้านดง,18.75347297,99.9666193,"ศาลากลางหมู่บ้าน บ้านดง, หมู่ที่ 7, หลวงใต้, งาว, ลำปาง"
ลำปาง,งาว,หลวงใต้,8,8,ศาลากลางหมู่บ้าน บ้านใหม่เจริญสุข,18.73423906,99.97090984,"ศาลากลางหมู่บ้าน บ้านใหม่เจริญสุข, หมู่ที่ 8, หลวงใต้, งาว, ลำปาง"
ลำปาง,งาว,แม่ตีบ,1,1,โรงเรียนบ้านทุ่ง,18.61615219,100.0411422,"โรงเรียนบ้านทุ่ง, หมู่ที่ 1, แม่ตีบ, งาว, ลำปาง"
ลำปาง,งาว,แม่ตีบ,2,1,ศาลาวัดดอกคำใต้,18.61810092,100.041113,"ศาลาวัดดอกคำใต้, หมู่ที่ 1, แม่ตีบ, งาว, ลำปาง"
ลำปาง,งาว,แม่ตีบ,3,2,ศาลากลางหมู่บ้าน บ้านแม่ตีบหลวง,18.59916768,100.0336112,"ศาลากลางหมู่บ้าน บ้านแม่ตีบหลวง, หมู่ที่ 2, แม่ตีบ, งาว, ลำปาง"
ลำปาง,งาว,แม่ตีบ,4,2,ศาลาวัดแม่ตีบหลวง,18.60577678,100.0389755,"ศาลาวัดแม่ตีบหลวง, หมู่ที่ 2, แม่ตีบ, งาว, ลำปาง"
ลำปาง,งาว,แม่ตีบ,5,3,โรงเรียนบ้านแม่ตีบ,18.59969508,100.0327549,"โรงเรียนบ้านแม่ตีบ, หมู่ที่ 3, แม่ตีบ, งาว, ลำปาง"
ลำปาง,งาว,แม่ตีบ,6,4,โรงเรียนบ้านงิ้วงาม,18.55322665,100.0117419,"โรงเรียนบ้านงิ้วงาม, หมู่ที่ 4, แม่ตีบ, งาว, ลำปาง"
ลำปาง,งาว,แม่ตีบ,7,5,ศาลาอเนกประสงค์บ้านแม่งาว,18.61316632,100.0366823,"ศาลาอเนกประสงค์บ้านแม่งาว, หมู่ที่ 5, แม่ตีบ, งาว, ลำปาง"
ลำปาง,วังเหนือ,ทุ่งฮั้ว,1,1,อาคารศาลาประชาคมหมู่บ้านบ้านทุ่งปี้ หมู่ที่ 1,19.25089497,99.63889349,"อาคารศาลาประชาคมหมู่บ้านบ้านทุ่งปี้ หมู่ที่ 1, หมู่ที่ 1, ทุ่งฮั้ว, วังเหนือ, ลำปาง"
ลำปาง,วังเหนือ,ทุ่งฮั้ว,2,2,อาคารอเนกประสงค์วัดแม่ทรายเงิน หมู่ที่ 2,19.24185146,99.63998922,"อาคารอเนกประสงค์วัดแม่ทรายเงิน หมู่ที่ 2, หมู่ที่ 2, ทุ่งฮั้ว, วังเหนือ, ลำปาง"
ลำปาง,วังเหนือ,ทุ่งฮั้ว,3,3,อาคารอเนกประสงค์บ้านผาดิน หมู่ที่ 3,19.23591524653438,99.63633843000001,"อาคารอเนกประสงค์บ้านผาดิน หมู่ที่ 3, หมู่ที่ 3, ทุ่งฮั้ว, วังเหนือ, ลำปาง"
ลำปาง,วังเหนือ,ทุ่งฮั้ว,4,4,อาคารอเนกประสงค์บ้านทุ่งฮั้ว หมู่ที่ 4,19.236294868139897,99.63345491762861,"อาคารอเนกประสงค์บ้านทุ่งฮั้ว หมู่ที่ 4, หมู่ที่ 4, ทุ่งฮั้ว, วังเหนือ, ลำปาง"
ลำปาง,วังเหนือ,ทุ่งฮั้ว,5,5,โรงเรียนบ้านวังมน หมู่ที่ 5,19.20226618,99.62297454,"โรงเรียนบ้านวังมน หมู่ที่ 5, หมู่ที่ 5, ทุ่งฮั้ว, วังเหนือ, ลำปาง"
ลำปาง,วังเหนือ,ทุ่งฮั้ว,6,6,อาคารอเนกประสงค์บ้านผาแดง หมู่ที่ 6,19.234524349999997,99.63114753346562,"อาคารอเนกประสงค์บ้านผาแดง หมู่ที่ 6, หมู่ที่ 6, ทุ่งฮั้ว, วังเหนือ, ลำปาง"
ลำปาง,วังเหนือ,ทุ่งฮั้ว,7,7,ศาลาการเปรียญวัดห้วยกันทา หมู่ที่ 7,19.24389207,99.63120038,"ศาลาการเปรียญวัดห้วยกันทา หมู่ที่ 7, หมู่ที่ 7, ทุ่งฮั้ว, วังเหนือ, ลำปาง"
ลำปาง,วังเหนือ,ทุ่งฮั้ว,8,8,อาคารอเนกประสงค์บ้านแม่เลียบ หมู่ที่ 8,19.231640837628607,99.6307679118601,"อาคารอเนกประสงค์บ้านแม่เลียบ หมู่ที่ 8, หมู่ที่ 8, ทุ่งฮั้ว, วังเหนือ, ลำปาง"
ลำปาง,วังเหนือ,ทุ่งฮั้ว,9,9,อาคารอเนกประสงค์บ้านบนทุ่ง หมู่ที่ 9,19.229333453465618,99.63253843,"อาคารอเนกประสงค์บ้านบนทุ่ง หมู่ที่ 9, หมู่ที่ 9, ทุ่งฮั้ว, วังเหนือ, ลำปาง"
ลำปาง,วังเหนือ,ทุ่งฮั้ว,10,10,อาคารอเนกประสงค์บ้านป่าบง -ฮ่องไฮ หมู่ที่10,19.2289538318601,99.6354219423714,"อาคารอเนกประสงค์บ้านป่าบง -ฮ่องไฮ หมู่ที่10, หมู่ที่ 10, ทุ่งฮั้ว, วังเหนือ, ลำปาง"
ลำปาง,วังเหนือ,ทุ่งฮั้ว,11,11,อาคารอเนกประสงค์บ้านทุ่งฮั้วพัฒนา หมู่ที่ 11,19.23072435,99.63772932653438,"อาคารอเนกประสงค์บ้านทุ่งฮั้วพัฒนา หมู่ที่ 11, หมู่ที่ 11, ทุ่งฮั้ว, วังเหนือ, ลำปาง"
ลำปาง,วังเหนือ,ทุ่งฮั้ว,12,12,อาคารอเนกประสงค์บ้านทุ่งวังทอง หมู่ที่ 12,19.23360786237139,99.6381089481399,"อาคารอเนกประสงค์บ้านทุ่งวังทอง หมู่ที่ 12, หมู่ที่ 12, ทุ่งฮั้ว, วังเหนือ, ลำปาง"
ลำปาง,วังเหนือ,บ้านใหม่,1,1,อาคารชมรมผู้สูงอายุบ้านทัพป่าเส้า หมู่ที่ 1 บ้านทัพป่าเส้า,19.19227146,99.61982385,"อาคารชมรมผู้สูงอายุบ้านทัพป่าเส้า หมู่ที่ 1 บ้านทัพป่าเส้า, หมู่ที่ 1, บ้านใหม่, วังเหนือ, ลำปาง"
ลำปาง,วังเหนือ,บ้านใหม่,2,2,อาคารอเนกประสงค์บ้านใหม่พัฒนา หมู่ที่ 2 บ้านใหม่พัฒนา,19.143416849640655,99.61947831546551,"อาคารอเนกประสงค์บ้านใหม่พัฒนา หมู่ที่ 2 บ้านใหม่พัฒนา, หมู่ที่ 2, บ้านใหม่, วังเหนือ, ลำปาง"
ลำปาง,วังเหนือ,บ้านใหม่,3,6,หอประชุมโรงเรียนชุมชนบ้านใหม่  หมู่ที่ 6 บ้านใหม่,19.147056156080275,99.62109863908707,"หอประชุมโรงเรียนชุมชนบ้านใหม่  หมู่ที่ 6 บ้านใหม่, หมู่ที่ 6, บ้านใหม่, วังเหนือ, ลำปาง"
ลำปาง,วังเหนือ,บ้านใหม่,4,6,อาคารรวมใจผู้สูงอายุบ้านใหม่ หมู่ที่ 6 บ้านใหม่,19.146639744279074,99.61713674544743,"อาคารรวมใจผู้สูงอายุบ้านใหม่ หมู่ที่ 6 บ้านใหม่, หมู่ที่ 6, บ้านใหม่, วังเหนือ, ลำปาง"
ลำปาง,วังเหนือ,ร่องเคาะ,1,1,อาคารอเนกประสงค์บ้านผาช่อ หมู่ที่ 1,18.90782908,99.60705842,"อาคารอเนกประสงค์บ้านผาช่อ หมู่ที่ 1, หมู่ที่ 1, ร่องเคาะ, วังเหนือ, ลำปาง"
ลำปาง,วังเหนือ,ร่องเคาะ,2,2,อาคารอเนกประสงค์บ้านห้วยก้อด หมู่ที่ 2,19.03747921,99.61187681,"อาคารอเนกประสงค์บ้านห้วยก้อด หมู่ที่ 2, หมู่ที่ 2, ร่องเคาะ, วังเหนือ, ลำปาง"
ลำปาง,วังเหนือ,ร่องเคาะ,3,3,โรงเรียนบ้านป่าคา หมู่ที่ 3,18.99103749,99.61606901,"โรงเรียนบ้านป่าคา หมู่ที่ 3, หมู่ที่ 3, ร่องเคาะ, วังเหนือ, ลำปาง"
ลำปาง,วังเหนือ,ร่องเคาะ,4,4,ศาลาการเปรียญวัดทุ่งฝูง หมู่ที่ 4,18.98933739,99.63045651,"ศาลาการเปรียญวัดทุ่งฝูง หมู่ที่ 4, หมู่ที่ 4, ร่องเคาะ, วังเหนือ, ลำปาง"
ลำปาง,วังเหนือ,ร่องเคาะ,5,5,อาคารอเนกประสงค์บ้านแม่ลืน หมู่ที่ 5,18.99201294,99.59713797,"อาคารอเนกประสงค์บ้านแม่ลืน หมู่ที่ 5, หมู่ที่ 5, ร่องเคาะ, วังเหนือ, ลำปาง"
ลำปาง,วังเหนือ,ร่องเคาะ,6,6,อาคารอเนกประสงค์บ้านแม่สงเหนือ หมู่ที่ 6,19.13626354948983,99.63065569614878,"อาคารอเนกประสงค์บ้านแม่สงเหนือ หมู่ที่ 6, หมู่ที่ 6, ร่องเคาะ, วังเหนือ, ลำปาง"
ลำปาง,วังเหนือ,ร่องเคาะ,7,7,ศาลาการเปรียญวัดสบลืน หมู่ที่ 7,18.96706072,99.61726541,"ศาลาการเปรียญวัดสบลืน หมู่ที่ 7, หมู่ที่ 7, ร่องเคาะ, วังเหนือ, ลำปาง"
ลำปาง,วังเหนือ,ร่องเคาะ,8,8,อาคารอเนกประสงค์บ้านดอนแก้ว หมู่ที่ 8,18.978667188469256,99.61084303270192,"อาคารอเนกประสงค์บ้านดอนแก้ว หมู่ที่ 8, หมู่ที่ 8, ร่องเคาะ, วังเหนือ, ลำปาง"
ลำปาง,วังเหนือ,ร่องเคาะ,9,9,อาคารอเนกประสงค์บ้านร่องเคาะ หมู่ที่ 9,18.980308636100997,99.61339844842675,"อาคารอเนกประสงค์บ้านร่องเคาะ หมู่ที่ 9, หมู่ที่ 9, ร่องเคาะ, วังเหนือ, ลำปาง"
ลำปาง,วังเหนือ,ร่องเคาะ,10,10,ศาลาการเปรียญวัดแม่สงใต้ หมู่ที่ 10,18.96484199,99.59285672,"ศาลาการเปรียญวัดแม่สงใต้ หมู่ที่ 10, หมู่ที่ 10, ร่องเคาะ, วังเหนือ, ลำปาง"
ลำปาง,วังเหนือ,ร่องเคาะ,11,11,อาคารอเนกประสงค์บ้านแสนตอ หมู่ที่ 11,18.98332996642414,99.61370838863537,"อาคารอเนกประสงค์บ้านแสนตอ หมู่ที่ 11, หมู่ที่ 11, ร่องเคาะ, วังเหนือ, ลำปาง"
ลำปาง,วังเหนือ,ร่องเคาะ,12,12,หอประชุมประจำหมู่บ้านบ้านวังใหม่ หมู่ที่ 12,18.93612278,99.61425814,"หอประชุมประจำหมู่บ้านบ้านวังใหม่ หมู่ที่ 12, หมู่ที่ 12, ร่องเคาะ, วังเหนือ, ลำปาง"
ลำปาง,วังเหนือ,ร่องเคาะ,13,12,หอประชุมหมู่บ้าน (หลังใหม่) บ้านวังใหม่ หมู่ที่ 12,18.98704874,99.61636765,"หอประชุมหมู่บ้าน (หลังใหม่) บ้านวังใหม่ หมู่ที่ 12, หมู่ที่ 12, ร่องเคาะ, วังเหนือ, ลำปาง"
ลำปาง,วังเหนือ,ร่องเคาะ,14,13,อาคารกองทุนหมู่บ้านบ้านทุ่งตุ้น หมู่ที่ 13,19.04832902,99.61170046,"อาคารกองทุนหมู่บ้านบ้านทุ่งตุ้น หมู่ที่ 13, หมู่ที่ 13, ร่องเคาะ, วังเหนือ, ลำปาง"
ลำปาง,วังเหนือ,ร่องเคาะ,15,14,อาคารอเนกประสงค์บ้านห้วยน้ำ หมู่ที่ 14,18.98545605608145,99.61153946202907,"อาคารอเนกประสงค์บ้านห้วยน้ำ หมู่ที่ 14, หมู่ที่ 14, ร่องเคาะ, วังเหนือ, ลำปาง"
ลำปาง,วังเหนือ,ร่องเคาะ,16,15,อาคารศูนย์ฝึกอาชีพสตรีบ้านจำตอง หมู่ที่ 15,18.985085916196645,99.60852491458043,"อาคารศูนย์ฝึกอาชีพสตรีบ้านจำตอง หมู่ที่ 15, หมู่ที่ 15, ร่องเคาะ, วังเหนือ, ลำปาง"
ลำปาง,วังเหนือ,ร่องเคาะ,17,16,อาคารอเนกประสงค์บ้านต้นผึ้ง หมู่ที่ 16,18.982498269652467,99.60693476200383,"อาคารอเนกประสงค์บ้านต้นผึ้ง หมู่ที่ 16, หมู่ที่ 16, ร่องเคาะ, วังเหนือ, ลำปาง"
ลำปาง,วังเหนือ,ร่องเคาะ,18,17,อาคารอเนกประสงค์บ้านวังนิตร หมู่ที่ 17,18.979641667075043,99.60796642162266,"อาคารอเนกประสงค์บ้านวังนิตร หมู่ที่ 17, หมู่ที่ 17, ร่องเคาะ, วังเหนือ, ลำปาง"
ลำปาง,วังเหนือ,วังซ้าย,1,1,อาคารอเนกประสงค์บ้านแม่ม่า หมู่ที่ 1,19.143758848047895,99.61893936555543,"อาคารอเนกประสงค์บ้านแม่ม่า หมู่ที่ 1, หมู่ที่ 1, วังซ้าย, วังเหนือ, ลำปาง"
ลำปาง,วังเหนือ,วังซ้าย,2,2,อาคารอเนกประสงค์บ้านใหม่หล่ายท่า หมู่ที่ 2,19.141482715112872,99.62074988344305,"อาคารอเนกประสงค์บ้านใหม่หล่ายท่า หมู่ที่ 2, หมู่ที่ 2, วังซ้าย, วังเหนือ, ลำปาง"
ลำปาง,วังเหนือ,วังซ้าย,3,3,อาคารอเนกประสงค์บ้านหัวทุ่ง หมู่ที่ 3,19.141153475555434,99.6236395819521,"อาคารอเนกประสงค์บ้านหัวทุ่ง หมู่ที่ 3, หมู่ที่ 3, วังซ้าย, วังเหนือ, ลำปาง"
ลำปาง,วังเหนือ,วังซ้าย,4,4,อาคารอเนกประสงค์บ้านแม่สุกใน หมู่ที่ 4,19.142963993443065,99.62591571488713,"อาคารอเนกประสงค์บ้านแม่สุกใน หมู่ที่ 4, หมู่ที่ 4, วังซ้าย, วังเหนือ, ลำปาง"
ลำปาง,วังเหนือ,วังซ้าย,5,5,อาคารอเนกประสงค์บ้านป่าแขม หมู่ที่ 5,19.145853691952105,99.62624495444456,"อาคารอเนกประสงค์บ้านป่าแขม หมู่ที่ 5, หมู่ที่ 5, วังซ้าย, วังเหนือ, ลำปาง"
ลำปาง,วังเหนือ,วังซ้าย,6,6,อาคารอเนกประสงค์บ้านน้ำหลง หมู่ที่ 6,19.14812982488713,99.62443443655694,"อาคารอเนกประสงค์บ้านน้ำหลง หมู่ที่ 6, หมู่ที่ 6, วังซ้าย, วังเหนือ, ลำปาง"
ลำปาง,วังเหนือ,วังซ้าย,7,7,อาคารอเนกประสงค์บ้านแม่สุขวังเหนือ  หมู่ที่ 7,19.137820111673108,99.62698866544675,"อาคารอเนกประสงค์บ้านแม่สุขวังเหนือ  หมู่ที่ 7, หมู่ที่ 7, วังซ้าย, วังเหนือ, ลำปาง"
ลำปาง,วังเหนือ,วังซ้าย,8,8,อาคารอเนกประสงค์บ้านแม่สุขวังเหนือ หมู่ที่ 8,19.13386608883706,99.62747415840447,"อาคารอเนกประสงค์บ้านแม่สุขวังเหนือ หมู่ที่ 8, หมู่ที่ 8, วังซ้าย, วังเหนือ, ลำปาง"
ลำปาง,วังเหนือ,วังซ้าย,9,9,อาคารที่ทำการกองทุนหมู่บ้าน บ้านแม่สุขป่าสัก หมู่ที่ 9,19.148459064444566,99.62154473804789,"อาคารที่ทำการกองทุนหมู่บ้าน บ้านแม่สุขป่าสัก หมู่ที่ 9, หมู่ที่ 9, วังซ้าย, วังเหนือ, ลำปาง"
ลำปาง,วังเหนือ,วังซ้าย,10,10,อาคารอเนกประสงค์บ้านสบม่า หมู่ที่ 10,19.146648546556936,99.61926860511286,"อาคารอเนกประสงค์บ้านสบม่า หมู่ที่ 10, หมู่ที่ 10, วังซ้าย, วังเหนือ, ลำปาง"
ลำปาง,วังเหนือ,วังทรายคำ,1,1,อาคารอเนกประสงค์บ้านทุ่งฮี หมู่ที่ 1,19.049240632180027,99.63463333607693,"อาคารอเนกประสงค์บ้านทุ่งฮี หมู่ที่ 1, หมู่ที่ 1, วังทรายคำ, วังเหนือ, ลำปาง"
ลำปาง,วังเหนือ,วังทรายคำ,2,2,อาคารอเนกประสงค์บ้านดง หมู่ที่ 2,19.050439373278955,99.63760032441154,"อาคารอเนกประสงค์บ้านดง หมู่ที่ 2, หมู่ที่ 2, วังทรายคำ, วังเหนือ, ลำปาง"
ลำปาง,วังเหนือ,วังทรายคำ,3,3,อาคารอเนกประสงค์บ้านปงวัง หมู่ที่ 3,19.05950444,99.62698087,"อาคารอเนกประสงค์บ้านปงวัง หมู่ที่ 3, หมู่ที่ 3, วังทรายคำ, วังเหนือ, ลำปาง"
ลำปาง,วังเหนือ,วังทรายคำ,4,4,อาคารอเนกประสงค์บ้านต้นฮ่าง หมู่ที่ 4,19.05360823109893,99.63804567833462,"อาคารอเนกประสงค์บ้านต้นฮ่าง หมู่ที่ 4, หมู่ที่ 4, วังทรายคำ, วังเหนือ, ลำปาง"
ลำปาง,วังเหนือ,วังทรายคำ,5,5,อาคารอเนกประสงค์บ้านป่าฝาง หมู่ที่ 5,19.05557834781997,99.63552404392307,"อาคารอเนกประสงค์บ้านป่าฝาง หมู่ที่ 5, หมู่ที่ 5, วังทรายคำ, วังเหนือ, ลำปาง"
ลำปาง,วังเหนือ,วังทรายคำ,6,6,โรงเรียนบ้านก่อ หมู่ที่ 6,19.0531494,99.63226207,"โรงเรียนบ้านก่อ หมู่ที่ 6, หมู่ที่ 6, วังทรายคำ, วังเหนือ, ลำปาง"
ลำปาง,วังเหนือ,วังทรายคำ,7,7,อาคารอเนกประสงค์บ้านป่าสัก หมู่ที่ 7,19.054379606721042,99.63255705558846,"อาคารอเนกประสงค์บ้านป่าสัก หมู่ที่ 7, หมู่ที่ 7, วังทรายคำ, วังเหนือ, ลำปาง"
ลำปาง,วังเหนือ,วังทรายคำ,8,8,ศาลาการเปรียญวัดทุ่งห้า หมู่ที่ 8,19.07254475,99.62851057,"ศาลาการเปรียญวัดทุ่งห้า หมู่ที่ 8, หมู่ที่ 8, วังทรายคำ, วังเหนือ, ลำปาง"
ลำปาง,วังเหนือ,วังทรายคำ,9,9,อาคารอเนกประสงค์บ้านทุ่งพัฒนา หมู่ที่ 9,19.051210748901067,99.63211170166538,"อาคารอเนกประสงค์บ้านทุ่งพัฒนา หมู่ที่ 9, หมู่ที่ 9, วังทรายคำ, วังเหนือ, ลำปาง"
ลำปาง,วังเหนือ,วังทอง,1,1,อาคารอเนกประสงค์บ้านตึงใต้ หมู่ที่ 1,19.112408567310098,99.69818820028813,"อาคารอเนกประสงค์บ้านตึงใต้ หมู่ที่ 1, หมู่ที่ 1, วังทอง, วังเหนือ, ลำปาง"
ลำปาง,วังเหนือ,วังทอง,2,2,โรงเรียนวังทองวิทยา หมู่ที่ 2,19.03868171,99.70605146,"โรงเรียนวังทองวิทยา หมู่ที่ 2, หมู่ที่ 2, วังทอง, วังเหนือ, ลำปาง"
ลำปาง,วังเหนือ,วังทอง,3,3,ศาลาการเปรียญวัดปงถ้ำ หมู่ที่ 3,19.12244729,99.70042495,"ศาลาการเปรียญวัดปงถ้ำ หมู่ที่ 3, หมู่ที่ 3, วังทอง, วังเหนือ, ลำปาง"
ลำปาง,วังเหนือ,วังทอง,4,4,อาคารอเนกประสงค์บ้านแม่เย็น หมู่ที่ 4,19.114422392561455,99.7006750673648,"อาคารอเนกประสงค์บ้านแม่เย็น หมู่ที่ 4, หมู่ที่ 4, วังทอง, วังเหนือ, ลำปาง"
ลำปาง,วังเหนือ,วังทอง,5,5,อาคารอเนกประสงค์บ้านป่าลัน หมู่ที่ 5,19.11758299525136,99.70017447707667,"อาคารอเนกประสงค์บ้านป่าลัน หมู่ที่ 5, หมู่ที่ 5, วังทอง, วังเหนือ, ลำปาง"
ลำปาง,วังเหนือ,วังทอง,6,6,อาคารอเนกประสงค์บ้านสารภี หมู่ที่ 6,19.118729772689903,99.69718701971188,"อาคารอเนกประสงค์บ้านสารภี หมู่ที่ 6, หมู่ที่ 6, วังทอง, วังเหนือ, ลำปาง"
ลำปาง,วังเหนือ,วังทอง,7,7,เต้นท์ชั่วคราวที่ทำการองค์การบริหารส่วนตำบลวังทอง หมู่ที่ 7,19.11570146,99.6978344,"เต้นท์ชั่วคราวที่ทำการองค์การบริหารส่วนตำบลวังทอง หมู่ที่ 7, หมู่ที่ 7, วังทอง, วังเหนือ, ลำปาง"
ลำปาง,วังเหนือ,วังทอง,8,8,อาคารอเนกประสงค์บ้านเมืองทอง หมู่ที่ 8,19.116715947438546,99.6947001526352,"อาคารอเนกประสงค์บ้านเมืองทอง หมู่ที่ 8, หมู่ที่ 8, วังทอง, วังเหนือ, ลำปาง"
ลำปาง,วังเหนือ,วังทอง,9,9,อาคารอเนกประสงค์บ้านร่มโพธิ์ทอง หมู่ที่ 9,19.11355534474864,99.69520074292333,"อาคารอเนกประสงค์บ้านร่มโพธิ์ทอง หมู่ที่ 9, หมู่ที่ 9, วังทอง, วังเหนือ, ลำปาง"
ลำปาง,วังเหนือ,วังเหนือ,1,1,อาคารชมรมผู้สูงอายุบ้านทัพป่าเส้า หมู่ที่ 1 บ้านทัพป่าเส้า,19.19560562,99.62102614,"อาคารชมรมผู้สูงอายุบ้านทัพป่าเส้า หมู่ที่ 1 บ้านทัพป่าเส้า, หมู่ที่ 1, วังเหนือ, วังเหนือ, ลำปาง"
ลำปาง,วังเหนือ,วังเหนือ,2,3,อาคารอเนกประสงค์บ้านใหม่พัฒนา หมู่ที่ 2 บ้านใหม่พัฒนา,19.16883694,99.61283341,"อาคารอเนกประสงค์บ้านใหม่พัฒนา หมู่ที่ 2 บ้านใหม่พัฒนา, หมู่ที่ 3, วังเหนือ, วังเหนือ, ลำปาง"
ลำปาง,วังเหนือ,วังเหนือ,3,4,หอประชุมโรงเรียนชุมชนบ้านใหม่  หมู่ที่ 6 บ้านใหม่,19.17277235,99.62106074,"หอประชุมโรงเรียนชุมชนบ้านใหม่  หมู่ที่ 6 บ้านใหม่, หมู่ที่ 4, วังเหนือ, วังเหนือ, ลำปาง"
ลำปาง,วังเหนือ,วังเหนือ,4,4,อาคารรวมใจผู้สูงอายุบ้านใหม่ หมู่ที่ 6 บ้านใหม่,19.14803253969886,99.61775237946519,"อาคารรวมใจผู้สูงอายุบ้านใหม่ หมู่ที่ 6 บ้านใหม่, หมู่ที่ 4, วังเหนือ, วังเหนือ, ลำปาง"
ลำปาง,วังเหนือ,วังเหนือ,5,5,อาคารอเนกประสงค์บ้านแพะใต้ หมู่ 5,19.1314117,99.61283565,"อาคารอเนกประสงค์บ้านแพะใต้ หมู่ 5, หมู่ที่ 5, วังเหนือ, วังเหนือ, ลำปาง"
ลำปาง,วังเหนือ,วังเหนือ,6,7,อาคารอเนกประสงค์บ้านแม่เฮียว หมู่ 7,19.144548302427708,99.61582103520838,"อาคารอเนกประสงค์บ้านแม่เฮียว หมู่ 7, หมู่ที่ 7, วังเหนือ, วังเหนือ, ลำปาง"
ลำปาง,วังเหนือ,วังเหนือ,7,8,อาคารอเนกประสงค์บ้านป่าเหียง หมู่ 8,19.144617827873436,99.61980414532641,"อาคารอเนกประสงค์บ้านป่าเหียง หมู่ 8, หมู่ที่ 8, วังเหนือ, วังเหนือ, ลำปาง"
ลำปาง,วังเหนือ,วังเหนือ,8,9,ศาลาการเปรียญวัดขันหอม บ้านขันหอม หมู่ 9,19.14456146,99.61822728,"ศาลาการเปรียญวัดขันหอม บ้านขันหอม หมู่ 9, หมู่ที่ 9, วังเหนือ, วังเหนือ, ลำปาง"
ลำปาง,วังเหนือ,วังแก้ว,1,1,ศาลาประชาคมหน้าวัดแม่หีด หมู่ที่ 1,19.33898069,99.61804068,"ศาลาประชาคมหน้าวัดแม่หีด หมู่ที่ 1, หมู่ที่ 1, วังแก้ว, วังเหนือ, ลำปาง"
ลำปาง,วังเหนือ,วังแก้ว,2,2,ศาลาการเปรียญวัดบ้านฮ่าง หมู่ที่ 2,19.28720632,99.63291873,"ศาลาการเปรียญวัดบ้านฮ่าง หมู่ที่ 2, หมู่ที่ 2, วังแก้ว, วังเหนือ, ลำปาง"
ลำปาง,วังเหนือ,วังแก้ว,3,3,อาคาร SML บ้านป่าแหน่ง หมู่ที่ 3,19.27186666,99.63752547,"อาคาร SML บ้านป่าแหน่ง หมู่ที่ 3, หมู่ที่ 3, วังแก้ว, วังเหนือ, ลำปาง"
ลำปาง,วังเหนือ,วังแก้ว,4,4,ศาลาการเปรียญวัดค่ายวัง หมู่ที่ 4,19.28419158,99.63107719,"ศาลาการเปรียญวัดค่ายวัง หมู่ที่ 4, หมู่ที่ 4, วังแก้ว, วังเหนือ, ลำปาง"
ลำปาง,วังเหนือ,วังแก้ว,5,5,อาคารอเนกประสงค์บ้านฮ่างวังแก้ว หมู่ที่ 5,19.276377210394624,99.6358799669014,"อาคารอเนกประสงค์บ้านฮ่างวังแก้ว หมู่ที่ 5, หมู่ที่ 5, วังแก้ว, วังเหนือ, ลำปาง"
ลำปาง,วังเหนือ,วังแก้ว,6,6,อาคารกองทุนหมู่บ้านห้วยป้าย หมู่ที่ 6,19.27258847051831,99.63711100311112,"อาคารกองทุนหมู่บ้านห้วยป้าย หมู่ที่ 6, หมู่ที่ 6, วังแก้ว, วังเหนือ, ลำปาง"
ลำปาง,วังเหนือ,วังแก้ว,7,7,อาคารอเนกประสงค์ประจำหมู่บ้าน หมู่ที่ 7,19.27554894908706,99.63977662998747,"อาคารอเนกประสงค์ประจำหมู่บ้าน หมู่ที่ 7, หมู่ที่ 7, วังแก้ว, วังเหนือ, ลำปาง"
ลำปาง,วังเหนือ,วังใต้,1,1,ศาลาการเปรียญวัดบ้านกวาง หมู่ที่ 1,19.07396488,99.6161306,"ศาลาการเปรียญวัดบ้านกวาง หมู่ที่ 1, หมู่ที่ 1, วังใต้, วังเหนือ, ลำปาง"
ลำปาง,วังเหนือ,วังใต้,2,2,อาคารอเนกประสงค์บ้านวังโป่ง หมู่ที่ 2,19.0963389,99.61794881,"อาคารอเนกประสงค์บ้านวังโป่ง หมู่ที่ 2, หมู่ที่ 2, วังใต้, วังเหนือ, ลำปาง"
ลำปาง,วังเหนือ,วังใต้,3,3,อาคารอเนกประสงค์บ้านไผ่กลาง หมู่ที่ 3,19.09270966,99.57848703,"อาคารอเนกประสงค์บ้านไผ่กลาง หมู่ที่ 3, หมู่ที่ 3, วังใต้, วังเหนือ, ลำปาง"
ลำปาง,วังเหนือ,วังใต้,4,4,อาคารอเนกประสงค์บ้านแม่โป่ง หมู่ที่ 4,19.075254749780534,99.62019385230627,"อาคารอเนกประสงค์บ้านแม่โป่ง หมู่ที่ 4, หมู่ที่ 4, วังใต้, วังเหนือ, ลำปาง"
ลำปาง,วังเหนือ,วังใต้,5,5,โรงเรียนบ้านแม่พริก หมู่ที่ 5,19.10152807,99.6015789,"โรงเรียนบ้านแม่พริก หมู่ที่ 5, หมู่ที่ 5, วังใต้, วังเหนือ, ลำปาง"
ลำปาง,วังเหนือ,วังใต้,6,6,อาคารอเนกประสงค์บ้านหมุ้น หมู่ที่ 6,19.0750462581494,99.61621559499436,"อาคารอเนกประสงค์บ้านหมุ้น หมู่ที่ 6, หมู่ที่ 6, วังใต้, วังเหนือ, ลำปาง"
ลำปาง,วังเหนือ,วังใต้,7,7,อาคารอเนกประสงค์บ้านโปร่งเจริญ หมู่ที่ 7,19.071705232070062,99.61838528269935,"อาคารอเนกประสงค์บ้านโปร่งเจริญ หมู่ที่ 7, หมู่ที่ 7, วังใต้, วังเหนือ, ลำปาง"
ลำปาง,เมืองปาน,ทุ่งกว๋าว,1,1,ศูนย์เรียนรู้โรงเรียนบ้านถ้ำ,18.60174037,99.48440292,"ศูนย์เรียนรู้โรงเรียนบ้านถ้ำ, หมู่ที่ 1, ทุ่งกว๋าว, เมืองปาน, ลำปาง"
ลำปาง,เมืองปาน,ทุ่งกว๋าว,2,2,อาคารอเนกประสงค์หมู่บ้าน,18.57145693,99.47134916,"อาคารอเนกประสงค์หมู่บ้าน, หมู่ที่ 2, ทุ่งกว๋าว, เมืองปาน, ลำปาง"
ลำปาง,เมืองปาน,ทุ่งกว๋าว,3,3,อาคารอเนกประสงค์ประจำหมู่บ้าน,18.532891451925913,99.48046860363216,"อาคารอเนกประสงค์ประจำหมู่บ้าน, หมู่ที่ 3, ทุ่งกว๋าว, เมืองปาน, ลำปาง"
ลำปาง,เมืองปาน,ทุ่งกว๋าว,4,4,หอประชุมโรงเรียนบ้านจ๋ง,18.55773974,99.47487632,"หอประชุมโรงเรียนบ้านจ๋ง, หมู่ที่ 4, ทุ่งกว๋าว, เมืองปาน, ลำปาง"
ลำปาง,เมืองปาน,ทุ่งกว๋าว,5,5,ศาลาอเนกประสงค์ประจำหมู่บ้าน,18.536067599611165,99.48085858553105,"ศาลาอเนกประสงค์ประจำหมู่บ้าน, หมู่ที่ 5, ทุ่งกว๋าว, เมืองปาน, ลำปาง"
ลำปาง,เมืองปาน,ทุ่งกว๋าว,6,5,ศาลาวัดทุ่งกว๋าว,18.548004,99.47514495,"ศาลาวัดทุ่งกว๋าว, หมู่ที่ 5, ทุ่งกว๋าว, เมืองปาน, ลำปาง"
ลำปาง,เมืองปาน,ทุ่งกว๋าว,7,6,ศาลาวัดทุ่งปง,18.53625196,99.46616214,"ศาลาวัดทุ่งปง, หมู่ที่ 6, ทุ่งกว๋าว, เมืองปาน, ลำปาง"
ลำปาง,เมืองปาน,ทุ่งกว๋าว,8,7,ศาลาวัดปลายนาหลวง,18.56039083,99.45751753,"ศาลาวัดปลายนาหลวง, หมู่ที่ 7, ทุ่งกว๋าว, เมืองปาน, ลำปาง"
ลำปาง,เมืองปาน,ทุ่งกว๋าว,9,8,ศาลาหอประชุมหมู่บ้าน,18.537993407685253,99.4783029518989,"ศาลาหอประชุมหมู่บ้าน, หมู่ที่ 8, ทุ่งกว๋าว, เมืองปาน, ลำปาง"
ลำปาง,เมืองปาน,ทุ่งกว๋าว,10,9,โรงเรียนบ้านปลายนาเฮี้ย,18.564204380504584,99.44741003601125,"โรงเรียนบ้านปลายนาเฮี้ย, หมู่ที่ 9, ทุ่งกว๋าว, เมืองปาน, ลำปาง"
ลำปาง,เมืองปาน,ทุ่งกว๋าว,11,9,ศาลาวัดบ้านปลายนาเฮี้ย,18.561853239495413,99.45064610398875,"ศาลาวัดบ้านปลายนาเฮี้ย, หมู่ที่ 9, ทุ่งกว๋าว, เมืองปาน, ลำปาง"
ลำปาง,เมืองปาน,ทุ่งกว๋าว,12,10,หอประชุมประจำหมู่บ้าน,18.5841641,99.4713963,"หอประชุมประจำหมู่บ้าน, หมู่ที่ 10, ทุ่งกว๋าว, เมืองปาน, ลำปาง"
ลำปาง,เมืองปาน,ทุ่งกว๋าว,13,11,ศาลาหอประชุมประจำหมู่บ้าน,18.536743068074088,99.47535733636785,"ศาลาหอประชุมประจำหมู่บ้าน, หมู่ที่ 11, ทุ่งกว๋าว, เมืองปาน, ลำปาง"
ลำปาง,เมืองปาน,ทุ่งกว๋าว,14,12,ศาลาอเนกประสงค์ประจำหมู่บ้าน,18.533566920388836,99.47496735446896,"ศาลาอเนกประสงค์ประจำหมู่บ้าน, หมู่ที่ 12, ทุ่งกว๋าว, เมืองปาน, ลำปาง"
ลำปาง,เมืองปาน,ทุ่งกว๋าว,15,13,ศาลาอเนกประสงค์วัดบ้านถ้ำหลวง,18.59556699,99.43433956,"ศาลาอเนกประสงค์วัดบ้านถ้ำหลวง, หมู่ที่ 13, ทุ่งกว๋าว, เมืองปาน, ลำปาง"
ลำปาง,เมืองปาน,ทุ่งกว๋าว,16,14,ศาลาโรงทอผ้า,18.531641112314748,99.47752298810111,"ศาลาโรงทอผ้า, หมู่ที่ 14, ทุ่งกว๋าว, เมืองปาน, ลำปาง"
ลำปาง,เมืองปาน,บ้านขอ,1,1,ศาลาวัดทุ่งส้าน,18.73315543,99.47892169,"ศาลาวัดทุ่งส้าน, หมู่ที่ 1, บ้านขอ, เมืองปาน, ลำปาง"
ลำปาง,เมืองปาน,บ้านขอ,2,2,หอประชุมประจำหมู่บ้าน,18.661659991214798,99.49997285698704,"หอประชุมประจำหมู่บ้าน, หมู่ที่ 2, บ้านขอ, เมืองปาน, ลำปาง"
ลำปาง,เมืองปาน,บ้านขอ,3,3,ศาลาประชาคมหน้าวัดบ้านป่าเหว,18.67945536,99.47341821,"ศาลาประชาคมหน้าวัดบ้านป่าเหว, หมู่ที่ 3, บ้านขอ, เมืองปาน, ลำปาง"
ลำปาง,เมืองปาน,บ้านขอ,4,3,ศาลาวัดบ้านทุ่งบอน (ป่าเหว),18.68015059,99.47310231,"ศาลาวัดบ้านทุ่งบอน (ป่าเหว), หมู่ที่ 3, บ้านขอ, เมืองปาน, ลำปาง"
ลำปาง,เมืองปาน,บ้านขอ,5,4,หอประชุมประจะหมู่บ้าน,18.664685650656715,99.49893103889278,"หอประชุมประจะหมู่บ้าน, หมู่ที่ 4, บ้านขอ, เมืองปาน, ลำปาง"
ลำปาง,เมืองปาน,บ้านขอ,6,5,หอประชุมประจำหมู่บ้าน,18.66529623944192,99.49578983190574,"หอประชุมประจำหมู่บ้าน, หมู่ที่ 5, บ้านขอ, เมืองปาน, ลำปาง"
ลำปาง,เมืองปาน,บ้านขอ,7,6,โรงเรียนบ้านแม่กองปิน,18.62051262,99.47564407,"โรงเรียนบ้านแม่กองปิน, หมู่ที่ 6, บ้านขอ, เมืองปาน, ลำปาง"
ลำปาง,เมืองปาน,บ้านขอ,8,7,โรงเรียนบ้านปางดะ,18.68634289,99.48996587,"โรงเรียนบ้านปางดะ, หมู่ที่ 7, บ้านขอ, เมืองปาน, ลำปาง"
ลำปาง,เมืองปาน,บ้านขอ,9,8,ศาลาวัดม่วงหลวง,18.63837118,99.48699127,"ศาลาวัดม่วงหลวง, หมู่ที่ 8, บ้านขอ, เมืองปาน, ลำปาง"
ลำปาง,เมืองปาน,บ้านขอ,10,9,โรงเรียนบ้านขอวิทยา,18.65300943,99.47441536,"โรงเรียนบ้านขอวิทยา, หมู่ที่ 9, บ้านขอ, เมืองปาน, ลำปาง"
ลำปาง,เมืองปาน,บ้านขอ,11,10,ศาลาอเนกประสงค์ประจำหมู่บ้าน,18.662881168785205,99.49369044301297,"ศาลาอเนกประสงค์ประจำหมู่บ้าน, หมู่ที่ 10, บ้านขอ, เมืองปาน, ลำปาง"
ลำปาง,เมืองปาน,บ้านขอ,12,11,ศาลาประชาคมบ้านทุ่งบอม,18.659855509343288,99.49473226110723,"ศาลาประชาคมบ้านทุ่งบอม, หมู่ที่ 11, บ้านขอ, เมืองปาน, ลำปาง"
ลำปาง,เมืองปาน,บ้านขอ,13,12,ศาลาวัดบ้านกลาง,18.72452859,99.47846591,"ศาลาวัดบ้านกลาง, หมู่ที่ 12, บ้านขอ, เมืองปาน, ลำปาง"
ลำปาง,เมืองปาน,บ้านขอ,14,13,ศาลาประชาคมประจำหมู่บ้าน,18.659244920558084,99.49787346809427,"ศาลาประชาคมประจำหมู่บ้าน, หมู่ที่ 13, บ้านขอ, เมืองปาน, ลำปาง"
ลำปาง,เมืองปาน,หัวเมือง,1,1,โรงเรียนบ้านขาม,18.98308502,99.52390875,"โรงเรียนบ้านขาม, หมู่ที่ 1, หัวเมือง, เมืองปาน, ลำปาง"
ลำปาง,เมืองปาน,หัวเมือง,2,2,โรงเรียนบ้านกล้วย,18.96501984,99.52106269,"โรงเรียนบ้านกล้วย, หมู่ที่ 2, หัวเมือง, เมืองปาน, ลำปาง"
ลำปาง,เมืองปาน,หัวเมือง,3,3,ศาลาประชาคมหมู่บ้าน,18.966041320928436,99.51979862833458,"ศาลาประชาคมหมู่บ้าน, หมู่ที่ 3, หัวเมือง, เมืองปาน, ลำปาง"
ลำปาง,เมืองปาน,หัวเมือง,4,4,วัดบ้านไร่ใต้,18.890421,99.53401,"วัดบ้านไร่ใต้, หมู่ที่ 4, หัวเมือง, เมืองปาน, ลำปาง"
ลำปาง,เมืองปาน,หัวเมือง,5,5,อาคารอเนกประสงค์ประจำหมู่บ้าน,18.962817902056305,99.5186887162077,"อาคารอเนกประสงค์ประจำหมู่บ้าน, หมู่ที่ 5, หัวเมือง, เมืองปาน, ลำปาง"
ลำปาง,เมืองปาน,หัวเมือง,6,6,ศาลาประชาคมประจำหมู่บ้าน,18.960766221684047,99.52141138802133,"ศาลาประชาคมประจำหมู่บ้าน, หมู่ที่ 6, หัวเมือง, เมืองปาน, ลำปาง"
ลำปาง,เมืองปาน,หัวเมือง,7,7,ศาลาประชาคมหมู่บ้าน,18.962721632352075,99.52420400386924,"ศาลาประชาคมหมู่บ้าน, หมู่ที่ 7, หัวเมือง, เมืองปาน, ลำปาง"
ลำปาง,เมืองปาน,หัวเมือง,8,8,ศูนย์การเรียนรู้ชุมชนชาวไทยภูเขาแม่ฟ้าหลวง,19.05027495,99.51628715,"ศูนย์การเรียนรู้ชุมชนชาวไทยภูเขาแม่ฟ้าหลวง, หมู่ที่ 8, หัวเมือง, เมืองปาน, ลำปาง"
ลำปาง,เมืองปาน,หัวเมือง,9,9,ศาลาประชาคมประจำหมู่บ้าน,18.96598182297914,99.52320726356714,"ศาลาประชาคมประจำหมู่บ้าน, หมู่ที่ 9, หัวเมือง, เมืองปาน, ลำปาง"
ลำปาง,เมืองปาน,เมืองปาน,1,1,อาคารอเนกประสงค์โรงเรียนบ้านทุ่งโป่ง,18.77391828,99.48688961,"อาคารอเนกประสงค์โรงเรียนบ้านทุ่งโป่ง, หมู่ที่ 1, เมืองปาน, เมืองปาน, ลำปาง"
ลำปาง,เมืองปาน,เมืองปาน,2,2,ศาลาวัดบ้านดอนแก้ว,18.78303627,99.49500863,"ศาลาวัดบ้านดอนแก้ว, หมู่ที่ 2, เมืองปาน, เมืองปาน, ลำปาง"
ลำปาง,เมืองปาน,เมืองปาน,3,2,อาคารโรงเรียนบ้านดอนแก้ว,18.78473319,99.49953641,"อาคารโรงเรียนบ้านดอนแก้ว, หมู่ที่ 2, เมืองปาน, เมืองปาน, ลำปาง"
ลำปาง,เมืองปาน,เมืองปาน,4,3,อาคารอเนกประสงค์บ้านหล่ายทุ่ง,18.764891818404475,99.51566159883706,"อาคารอเนกประสงค์บ้านหล่ายทุ่ง, หมู่ที่ 3, เมืองปาน, เมืองปาน, ลำปาง"
ลำปาง,เมืองปาน,เมืองปาน,5,4,ศาลาวัดบ้านแพะ,18.764406325446753,99.51961562167311,"ศาลาวัดบ้านแพะ, หมู่ที่ 4, เมืองปาน, เมืองปาน, ลำปาง"
ลำปาง,เมืองปาน,เมืองปาน,6,4,โรงเรียนบ้านแพะ,18.76450001,99.51158999,"โรงเรียนบ้านแพะ, หมู่ที่ 4, เมืองปาน, เมืองปาน, ลำปาง"
ลำปาง,เมืองปาน,เมืองปาน,7,4,ศาลาอเนกประสงค์ประจำหมู่บ้าน,18.768073356148776,99.51805905948983,"ศาลาอเนกประสงค์ประจำหมู่บ้าน, หมู่ที่ 4, เมืองปาน, เมืองปาน, ลำปาง"
ลำปาง,เมืองปาน,เมืองปาน,8,5,ศาลาวัดดอนไชย,18.82201323,99.45725087,"ศาลาวัดดอนไชย, หมู่ที่ 5, เมืองปาน, เมืองปาน, ลำปาง"
ลำปาง,เมืองปาน,เมืองปาน,9,6,ศาลา SML วัดสบปาน,18.77064164,99.52330283,"ศาลา SML วัดสบปาน, หมู่ที่ 6, เมืองปาน, เมืองปาน, ลำปาง"
ลำปาง,เมืองปาน,เมืองปาน,10,7,ศาลาวัดน้ำโจ้,18.75273896,99.50903923,"ศาลาวัดน้ำโจ้, หมู่ที่ 7, เมืองปาน, เมืองปาน, ลำปาง"
ลำปาง,เมืองปาน,เมืองปาน,11,9,ศาลาวัดหลวงเมืองปาน,18.76277507,99.50065097,"ศาลาวัดหลวงเมืองปาน, หมู่ที่ 9, เมืองปาน, เมืองปาน, ลำปาง"
ลำปาง,เมืองปาน,แจ้ซ้อน,1,1,โรงเรียนบ้านแม่แจ๋ม,18.91900305,99.42389806,"โรงเรียนบ้านแม่แจ๋ม, หมู่ที่ 1, แจ้ซ้อน, เมืองปาน, ลำปาง"
ลำปาง,เมืองปาน,แจ้ซ้อน,2,2,ศาลาหอประชุมหมู่บ้าน,18.801124887361084,99.50923969321454,"ศาลาหอประชุมหมู่บ้าน, หมู่ที่ 2, แจ้ซ้อน, เมืองปาน, ลำปาง"
ลำปาง,เมืองปาน,แจ้ซ้อน,3,3,ศาลาประชาคมบ้านดินดำ,18.78937104,99.51701935,"ศาลาประชาคมบ้านดินดำ, หมู่ที่ 3, แจ้ซ้อน, เมืองปาน, ลำปาง"
ลำปาง,เมืองปาน,แจ้ซ้อน,4,4,ศาลาวัดบ้านทุ่ง,18.84053425,99.51106768,"ศาลาวัดบ้านทุ่ง, หมู่ที่ 4, แจ้ซ้อน, เมืองปาน, ลำปาง"
ลำปาง,เมืองปาน,แจ้ซ้อน,5,5,หอประชุมหมู่บ้าน,18.79804884993408,99.50835765367592,"หอประชุมหมู่บ้าน, หมู่ที่ 5, แจ้ซ้อน, เมืองปาน, ลำปาง"
ลำปาง,เมืองปาน,แจ้ซ้อน,6,6,ศาลาวัดบ้านสบลี,18.78539687,99.51988008,"ศาลาวัดบ้านสบลี, หมู่ที่ 6, แจ้ซ้อน, เมืองปาน, ลำปาง"
ลำปาง,เมืองปาน,แจ้ซ้อน,7,7,ศาลาอเนกประสงค์หมู่บ้าน,18.795746962572995,99.51058056046139,"ศาลาอเนกประสงค์หมู่บ้าน, หมู่ที่ 7, แจ้ซ้อน, เมืองปาน, ลำปาง"
ลำปาง,เมืองปาน,แจ้ซ้อน,8,8,โรงเรียนบ้านใหม่พัฒนา,18.85301452,99.50271003,"โรงเรียนบ้านใหม่พัฒนา, หมู่ที่ 8, แจ้ซ้อน, เมืองปาน, ลำปาง"
ลำปาง,เมืองปาน,แจ้ซ้อน,9,9,ศาลาประชาคมบ้านข่วงกอม,18.77493134,99.52538061,"ศาลาประชาคมบ้านข่วงกอม, หมู่ที่ 9, แจ้ซ้อน, เมืองปาน, ลำปาง"
ลำปาง,เมืองปาน,แจ้ซ้อน,10,10,ศาลาวัดปางต้นหนุน,18.95365512,99.42883283,"ศาลาวัดปางต้นหนุน, หมู่ที่ 10, แจ้ซ้อน, เมืองปาน, ลำปาง"
ลำปาง,เมืองปาน,แจ้ซ้อน,11,11,ศาลาประชาคมบ้านแจ้ซ้อนเหนือ,18.796521112638914,99.51368550678546,"ศาลาประชาคมบ้านแจ้ซ้อนเหนือ, หมู่ที่ 11, แจ้ซ้อน, เมืองปาน, ลำปาง"
ลำปาง,เมืองปาน,แจ้ซ้อน,12,11,หอประชุมโรงเรียนแจ้ซ้อนวิทยา,18.81833905,99.50377453,"หอประชุมโรงเรียนแจ้ซ้อนวิทยา, หมู่ที่ 11, แจ้ซ้อน, เมืองปาน, ลำปาง"
ลำปาง,เมืองปาน,แจ้ซ้อน,13,12,ศาลาหน้าวัดศรีหลวงแจ้ซ้อน,18.80870086,99.50335906,"ศาลาหน้าวัดศรีหลวงแจ้ซ้อน, หมู่ที่ 12, แจ้ซ้อน, เมืองปาน, ลำปาง"
ลำปาง,เมืองปาน,แจ้ซ้อน,14,14,อาคารสหกรณ์การเกษตรบ้านปางม่วง,18.799597150065917,99.51456754632409,"อาคารสหกรณ์การเกษตรบ้านปางม่วง, หมู่ที่ 14, แจ้ซ้อน, เมืองปาน, ลำปาง"
ลำปาง,เมืองปาน,แจ้ซ้อน,15,14,โบสถ์แม่แวน,18.801899037427003,99.51234463953861,"โบสถ์แม่แวน, หมู่ที่ 14, แจ้ซ้อน, เมืองปาน, ลำปาง"
ลำปาง,เมืองลำปาง,บ้านเสด็จ,1,1,ศาลาอเนกประสงค์บ้านทรายมูล 1,18.43176569,99.6261146,"ศาลาอเนกประสงค์บ้านทรายมูล 1, หมู่ที่ 1, บ้านเสด็จ, เมืองลำปาง, ลำปาง"
ลำปาง,เมืองลำปาง,บ้านเสด็จ,2,2,โรงเรียนบ้านจำค่า,18.42120145,99.65960416,"โรงเรียนบ้านจำค่า, หมู่ที่ 2, บ้านเสด็จ, เมืองลำปาง, ลำปาง"
ลำปาง,เมืองลำปาง,บ้านเสด็จ,3,3,อาคารอเนกประสงค์ประจำหมู่บ้าน,18.389445418018266,99.61433180588675,"อาคารอเนกประสงค์ประจำหมู่บ้าน, หมู่ที่ 3, บ้านเสด็จ, เมืองลำปาง, ลำปาง"
ลำปาง,เมืองลำปาง,บ้านเสด็จ,4,3,รพ.สต.บ้านทรายทอง,18.399503,99.610138,"รพ.สต.บ้านทรายทอง, หมู่ที่ 3, บ้านเสด็จ, เมืองลำปาง, ลำปาง"
ลำปาง,เมืองลำปาง,บ้านเสด็จ,5,4,วัดปงอ้อม,18.396303,99.60802,"วัดปงอ้อม, หมู่ที่ 4, บ้านเสด็จ, เมืองลำปาง, ลำปาง"
ลำปาง,เมืองลำปาง,บ้านเสด็จ,6,5,ศาลาอเนกประสงค์ประจำหมู่บ้าน,18.38704437487851,99.61560846316999,"ศาลาอเนกประสงค์ประจำหมู่บ้าน, หมู่ที่ 5, บ้านเสด็จ, เมืองลำปาง, ลำปาง"
ลำปาง,เมืองลำปาง,บ้านเสด็จ,7,6,ศาลาอเนกประสงค์ประจำหมู่บ้าน,18.385852290497535,99.61805259835577,"ศาลาอเนกประสงค์ประจำหมู่บ้าน, หมู่ที่ 6, บ้านเสด็จ, เมืองลำปาง, ลำปาง"
ลำปาง,เมืองลำปาง,บ้านเสด็จ,8,7,ศาลาอเนกประสงค์ประจำหมู่บ้าน,18.38632450059142,99.62073063487627,"ศาลาอเนกประสงค์ประจำหมู่บ้าน, หมู่ที่ 7, บ้านเสด็จ, เมืองลำปาง, ลำปาง"
ลำปาง,เมืองลำปาง,บ้านเสด็จ,9,8,ศาลาอเนกประสงค์ประจำหมู่บ้าน,18.388280636954125,99.62261965380372,"ศาลาอเนกประสงค์ประจำหมู่บ้าน, หมู่ที่ 8, บ้านเสด็จ, เมืองลำปาง, ลำปาง"
ลำปาง,เมืองลำปาง,บ้านเสด็จ,10,9,ศาลาอเนกประสงค์ SML,18.39097352198173,99.62299811411326,"ศาลาอเนกประสงค์ SML, หมู่ที่ 9, บ้านเสด็จ, เมืองลำปาง, ลำปาง"
ลำปาง,เมืองลำปาง,บ้านเสด็จ,11,10,ศาลาอเนกประสงค์ประจำหมู่บ้าน,18.393374565121487,99.62172145683002,"ศาลาอเนกประสงค์ประจำหมู่บ้าน, หมู่ที่ 10, บ้านเสด็จ, เมืองลำปาง, ลำปาง"
ลำปาง,เมืองลำปาง,บ้านเสด็จ,12,10,ศาลาอเนกประสงค์วัดทรายเหนือ,18.40967601,99.61055241,"ศาลาอเนกประสงค์วัดทรายเหนือ, หมู่ที่ 10, บ้านเสด็จ, เมืองลำปาง, ลำปาง"
ลำปาง,เมืองลำปาง,บ้านเสด็จ,13,11,โรงเรียนวัดเสด็จ,18.38882105,99.59531863,"โรงเรียนวัดเสด็จ, หมู่ที่ 11, บ้านเสด็จ, เมืองลำปาง, ลำปาง"
ลำปาง,เมืองลำปาง,บ้านเสด็จ,14,12,ศาลาประชาคม,18.394566649502462,99.61927732164423,"ศาลาประชาคม, หมู่ที่ 12, บ้านเสด็จ, เมืองลำปาง, ลำปาง"
ลำปาง,เมืองลำปาง,บ้านเสด็จ,15,13,วัดทรายมูล,18.432188,99.623192,"วัดทรายมูล, หมู่ที่ 13, บ้านเสด็จ, เมืองลำปาง, ลำปาง"
ลำปาง,เมืองลำปาง,บ้านเสด็จ,16,14,ศาลาอเนกประสงค์ประจำหมู่บ้าน,18.394094439408576,99.61659928512374,"ศาลาอเนกประสงค์ประจำหมู่บ้าน, หมู่ที่ 14, บ้านเสด็จ, เมืองลำปาง, ลำปาง"
ลำปาง,เมืองลำปาง,บ้านเสด็จ,17,15,ศาลาอเนกประสงค์ประจำหมู่บ้าน,18.392138303045872,99.61471026619628,"ศาลาอเนกประสงค์ประจำหมู่บ้าน, หมู่ที่ 15, บ้านเสด็จ, เมืองลำปาง, ลำปาง"
ลำปาง,เมืองลำปาง,บ้านเสด็จ,18,16,สำนักสงฆ์ห้วยเดื่อ,18.41735849,99.64821855,"สำนักสงฆ์ห้วยเดื่อ, หมู่ที่ 16, บ้านเสด็จ, เมืองลำปาง, ลำปาง"
ลำปาง,เมืองลำปาง,บ้านเสด็จ,19,17,วัดพระธาตุเสด็จ (ศาลาด้านใต้),18.3901481,99.59473766,"วัดพระธาตุเสด็จ (ศาลาด้านใต้), หมู่ที่ 17, บ้านเสด็จ, เมืองลำปาง, ลำปาง"
ลำปาง,เมืองลำปาง,บ้านแลง,1,1,ศาลาอเนกประสงค์ประจำหมู่บ้าน,18.50914403049143,99.64432746268413,"ศาลาอเนกประสงค์ประจำหมู่บ้าน, หมู่ที่ 1, บ้านแลง, เมืองลำปาง, ลำปาง"
ลำปาง,เมืองลำปาง,บ้านแลง,2,2,ศาลาอเนกประสงค์ประจำหมู่บ้านบ้านสบมาย,18.50658867778549,99.64339739036112,"ศาลาอเนกประสงค์ประจำหมู่บ้านบ้านสบมาย, หมู่ที่ 2, บ้านแลง, เมืองลำปาง, ลำปาง"
ลำปาง,เมืองลำปาง,บ้านแลง,3,3,ศาลาอเนกประสงค์ประจำหมู่บ้าน,18.50397467122473,99.64414694468076,"ศาลาอเนกประสงค์ประจำหมู่บ้าน, หมู่ที่ 3, บ้านแลง, เมืองลำปาง, ลำปาง"
ลำปาง,เมืองลำปาง,บ้านแลง,4,4,ศาลาวัดแม่อาง,18.45570486,99.66763616,"ศาลาวัดแม่อาง, หมู่ที่ 4, บ้านแลง, เมืองลำปาง, ลำปาง"
ลำปาง,เมืองลำปาง,บ้านแลง,5,5,ศาลาอเนกประสงค์โรงเรียนบ้านดง (เดิม),18.50230047246854,99.64628982136936,"ศาลาอเนกประสงค์โรงเรียนบ้านดง (เดิม), หมู่ที่ 5, บ้านแลง, เมืองลำปาง, ลำปาง"
ลำปาง,เมืองลำปาง,บ้านแลง,6,6,ศาลาอเนกประสงค์วัดแตะพุทธราม,18.55906322,99.67009023,"ศาลาอเนกประสงค์วัดแตะพุทธราม, หมู่ที่ 6, บ้านแลง, เมืองลำปาง, ลำปาง"
ลำปาง,เมืองลำปาง,บ้านแลง,7,7,ศาลาอเนกประสงค์ประจำหมู่บ้าน,18.50220556853787,99.6490075143656,"ศาลาอเนกประสงค์ประจำหมู่บ้าน, หมู่ที่ 7, บ้านแลง, เมืองลำปาง, ลำปาง"
ลำปาง,เมืองลำปาง,บ้านแลง,8,8,ศาลาอเนกประสงค์บ้านแม่อางน้ำล้อม,18.503726209508567,99.65126195731587,"ศาลาอเนกประสงค์บ้านแม่อางน้ำล้อม, หมู่ที่ 8, บ้านแลง, เมืองลำปาง, ลำปาง"
ลำปาง,เมืองลำปาง,บ้านแลง,9,9,ศาลาอเนกประสงค์ประจำหมู่บ้าน,18.506281562214507,99.65219202963888,"ศาลาอเนกประสงค์ประจำหมู่บ้าน, หมู่ที่ 9, บ้านแลง, เมืองลำปาง, ลำปาง"
ลำปาง,เมืองลำปาง,บ้านแลง,10,10,ศาลาอเนกประสงค์ประจำหมู่บ้าน,18.50889556877527,99.65144247531924,"ศาลาอเนกประสงค์ประจำหมู่บ้าน, หมู่ที่ 10, บ้านแลง, เมืองลำปาง, ลำปาง"
ลำปาง,เมืองลำปาง,บ้านแลง,11,11,ศาลาอเนกประสงค์ประจำหมู่บ้าน,18.510569767531457,99.64929959863063,"ศาลาอเนกประสงค์ประจำหมู่บ้าน, หมู่ที่ 11, บ้านแลง, เมืองลำปาง, ลำปาง"
ลำปาง,เมืองลำปาง,บ้านแลง,12,12,ศาลาอเนกประสงค์ประจำหมู่บ้าน,18.510664671462127,99.6465819056344,"ศาลาอเนกประสงค์ประจำหมู่บ้าน, หมู่ที่ 12, บ้านแลง, เมืองลำปาง, ลำปาง"
ลำปาง,แจ้ห่ม,ทุ่งผึ้ง,1,1,หอประชุมหน้าวัดทุ่งฮ้าง,18.88387306,99.67069661,"หอประชุมหน้าวัดทุ่งฮ้าง, หมู่ที่ 1, ทุ่งผึ้ง, แจ้ห่ม, ลำปาง"
ลำปาง,แจ้ห่ม,ทุ่งผึ้ง,2,2,ศาลาอเนกประสงค์ประจำหมู่บ้าน,18.928022747782645,99.65948002881592,"ศาลาอเนกประสงค์ประจำหมู่บ้าน, หมู่ที่ 2, ทุ่งผึ้ง, แจ้ห่ม, ลำปาง"
ลำปาง,แจ้ห่ม,ทุ่งผึ้ง,3,3,ศาลาตลาดสด SML,18.92470096972738,99.65871313592498,"ศาลาตลาดสด SML, หมู่ที่ 3, ทุ่งผึ้ง, แจ้ห่ม, ลำปาง"
ลำปาง,แจ้ห่ม,ทุ่งผึ้ง,4,4,ศาลาอเนกประสงค์ประจำหมู่บ้าน,18.922945125375534,99.66163535165397,"ศาลาอเนกประสงค์ประจำหมู่บ้าน, หมู่ที่ 4, ทุ่งผึ้ง, แจ้ห่ม, ลำปาง"
ลำปาง,แจ้ห่ม,ทุ่งผึ้ง,5,5,ห้องประชุมโรงเรียนบ้านช่อฟ้า,18.86447504,99.73058265,"ห้องประชุมโรงเรียนบ้านช่อฟ้า, หมู่ที่ 5, ทุ่งผึ้ง, แจ้ห่ม, ลำปาง"
ลำปาง,แจ้ห่ม,ทุ่งผึ้ง,6,6,ศาลาการเปรียญวัดแจ้คอน,18.91902942,99.66009662,"ศาลาการเปรียญวัดแจ้คอน, หมู่ที่ 6, ทุ่งผึ้ง, แจ้ห่ม, ลำปาง"
ลำปาง,แจ้ห่ม,ทุ่งผึ้ง,7,7,ศาลาอเนกประสงค์บ้านใหม่สามัคคี,18.925181731942402,99.66420827318787,"ศาลาอเนกประสงค์บ้านใหม่สามัคคี, หมู่ที่ 7, ทุ่งผึ้ง, แจ้ห่ม, ลำปาง"
ลำปาง,แจ้ห่ม,ทุ่งผึ้ง,8,8,ศาลาอเนกประสงค์ประจำหมู่บ้าน,18.928319875172036,99.66287621041724,"ศาลาอเนกประสงค์ประจำหมู่บ้าน, หมู่ที่ 8, ทุ่งผึ้ง, แจ้ห่ม, ลำปาง"
ลำปาง,แจ้ห่ม,บ้านสา,1,1,ศาลาอเนกประสงค์ประจำหมู่บ้าน,18.63260740162309,99.53807475523737,"ศาลาอเนกประสงค์ประจำหมู่บ้าน, หมู่ที่ 1, บ้านสา, แจ้ห่ม, ลำปาง"
ลำปาง,แจ้ห่ม,บ้านสา,2,2,ศาลาอเนกประสงค์ประจำหมู่บ้าน,18.630524259011032,99.5363267910399,"ศาลาอเนกประสงค์ประจำหมู่บ้าน, หมู่ที่ 2, บ้านสา, แจ้ห่ม, ลำปาง"
ลำปาง,แจ้ห่ม,บ้านสา,3,3,ศาลาอเนกประสงค์ประจำหมู่บ้าน,18.62781153365936,99.53613709880437,"ศาลาอเนกประสงค์ประจำหมู่บ้าน, หมู่ที่ 3, บ้านสา, แจ้ห่ม, ลำปาง"
ลำปาง,แจ้ห่ม,บ้านสา,4,4,ศาลาอเนกประสงค์ประจำหมู่บ้าน,18.62550539445028,99.53757813451737,"ศาลาอเนกประสงค์ประจำหมู่บ้าน, หมู่ที่ 4, บ้านสา, แจ้ห่ม, ลำปาง"
ลำปาง,แจ้ห่ม,บ้านสา,5,5,อาคารอเนกประสงค์ประจำหมู่บ้าน,18.624486708178857,99.54009947151552,"อาคารอเนกประสงค์ประจำหมู่บ้าน, หมู่ที่ 5, บ้านสา, แจ้ห่ม, ลำปาง"
ลำปาง,แจ้ห่ม,บ้านสา,6,6,ศาลาอเนกประสงค์ประจำหมู่บ้าน,18.62514457837691,99.54273804476261,"ศาลาอเนกประสงค์ประจำหมู่บ้าน, หมู่ที่ 6, บ้านสา, แจ้ห่ม, ลำปาง"
ลำปาง,แจ้ห่ม,บ้านสา,7,7,ศาลาอเนกประสงค์ประจำหมู่บ้าน,18.62722772098897,99.54448600896009,"ศาลาอเนกประสงค์ประจำหมู่บ้าน, หมู่ที่ 7, บ้านสา, แจ้ห่ม, ลำปาง"
ลำปาง,แจ้ห่ม,บ้านสา,8,8,ศาลาอเนกประสงค์ประจำหมู่บ้าน,18.62994044634064,99.54467570119562,"ศาลาอเนกประสงค์ประจำหมู่บ้าน, หมู่ที่ 8, บ้านสา, แจ้ห่ม, ลำปาง"
ลำปาง,แจ้ห่ม,บ้านสา,9,9,ศาลาอเนกประสงค์ประจำหมู่บ้าน,18.632246585549723,99.54323466548261,"ศาลาอเนกประสงค์ประจำหมู่บ้าน, หมู่ที่ 9, บ้านสา, แจ้ห่ม, ลำปาง"
ลำปาง,แจ้ห่ม,บ้านสา,10,10,ศาลาอเนกประสงค์ประจำหมู่บ้าน,18.633265271821145,99.54071332848447,"ศาลาอเนกประสงค์ประจำหมู่บ้าน, หมู่ที่ 10, บ้านสา, แจ้ห่ม, ลำปาง"
ลำปาง,แจ้ห่ม,ปงดอน,1,1,โรงอาหารโรงเรียนบ้านแม่ตา,18.75634712,99.61686637,"โรงอาหารโรงเรียนบ้านแม่ตา, หมู่ที่ 1, ปงดอน, แจ้ห่ม, ลำปาง"
ลำปาง,แจ้ห่ม,ปงดอน,2,1,ใต้อาคารเรียนโรงเรียนบ้านแม่ตา,18.7560907,99.61664584,"ใต้อาคารเรียนโรงเรียนบ้านแม่ตา, หมู่ที่ 1, ปงดอน, แจ้ห่ม, ลำปาง"
ลำปาง,แจ้ห่ม,ปงดอน,3,2,ศาลาอเนกประสงค์ประจำหมู่บ้าน,18.744787443773856,99.60920243574574,"ศาลาอเนกประสงค์ประจำหมู่บ้าน, หมู่ที่ 2, ปงดอน, แจ้ห่ม, ลำปาง"
ลำปาง,แจ้ห่ม,ปงดอน,4,3,ศาลาอเนกประสงค์ประจำหมู่บ้าน,18.747399007606198,99.60701107349723,"ศาลาอเนกประสงค์ประจำหมู่บ้าน, หมู่ที่ 3, ปงดอน, แจ้ห่ม, ลำปาง"
ลำปาง,แจ้ห่ม,ปงดอน,5,4,โรงอาหารโรงเรียนบ้านเปียงใจ,18.81515883,99.7426839,"โรงอาหารโรงเรียนบ้านเปียงใจ, หมู่ที่ 4, ปงดอน, แจ้ห่ม, ลำปาง"
ลำปาง,แจ้ห่ม,ปงดอน,6,5,อาคารอเนกประสงค์โรงเรียนบ้านแม่ตาสามัคคี,18.746121915866276,99.60385016052115,"อาคารอเนกประสงค์โรงเรียนบ้านแม่ตาสามัคคี, หมู่ที่ 5, ปงดอน, แจ้ห่ม, ลำปาง"
ลำปาง,แจ้ห่ม,ปงดอน,7,6,อาคารอเนกประสงค์โรงเรียนบ้านแม่ตาใน,18.742721065931907,99.60408797111495,"อาคารอเนกประสงค์โรงเรียนบ้านแม่ตาใน, หมู่ที่ 6, ปงดอน, แจ้ห่ม, ลำปาง"
ลำปาง,แจ้ห่ม,ปงดอน,8,7,อาคารอเนกประสงค์โรงเรียนบ้านปงดอน,18.741896316821755,99.6073958591209,"อาคารอเนกประสงค์โรงเรียนบ้านปงดอน, หมู่ที่ 7, ปงดอน, แจ้ห่ม, ลำปาง"
ลำปาง,แจ้ห่ม,ปงดอน,9,8,อาคารอเนกประสงค์บ้านเลาสู,18.82687712,99.79627598,"อาคารอเนกประสงค์บ้านเลาสู, หมู่ที่ 8, ปงดอน, แจ้ห่ม, ลำปาง"
ลำปาง,แจ้ห่ม,วิเชตนคร,1,1,ศาลาประชาคมบ้านใหม่สวนดอกคำ,18.70507171778365,99.55398095133879,"ศาลาประชาคมบ้านใหม่สวนดอกคำ, หมู่ที่ 1, วิเชตนคร, แจ้ห่ม, ลำปาง"
ลำปาง,แจ้ห่ม,วิเชตนคร,2,2,ศาลาอเนกประสงค์ประจำหมู่บ้าน,18.702255962912023,99.55470915506183,"ศาลาอเนกประสงค์ประจำหมู่บ้าน, หมู่ที่ 2, วิเชตนคร, แจ้ห่ม, ลำปาง"
ลำปาง,แจ้ห่ม,วิเชตนคร,3,3,อาคารอเนกประสงค์โรงเรียนบ้านใหม่ผ้าขาว,18.71129389,99.55903644,"อาคารอเนกประสงค์โรงเรียนบ้านใหม่ผ้าขาว, หมู่ที่ 3, วิเชตนคร, แจ้ห่ม, ลำปาง"
ลำปาง,แจ้ห่ม,วิเชตนคร,4,4,ศาลาอเนกประสงค์ประจำหมู่บ้าน,18.700779841338782,99.55721511221635,"ศาลาอเนกประสงค์ประจำหมู่บ้าน, หมู่ที่ 4, วิเชตนคร, แจ้ห่ม, ลำปาง"
ลำปาง,แจ้ห่ม,วิเชตนคร,5,5,ศาลาประชาคมบ้านสันมะเกลือ,18.74964675,99.57376891,"ศาลาประชาคมบ้านสันมะเกลือ, หมู่ที่ 5, วิเชตนคร, แจ้ห่ม, ลำปาง"
ลำปาง,แจ้ห่ม,วิเชตนคร,6,6,ศาลาประชาคมบ้านสันกลาง,18.74249382,99.57585737,"ศาลาประชาคมบ้านสันกลาง, หมู่ที่ 6, วิเชตนคร, แจ้ห่ม, ลำปาง"
ลำปาง,แจ้ห่ม,วิเชตนคร,7,7,ศาลาอเนกประสงค์ประจำหมู่บ้าน,18.70150804506182,99.56003086708799,"ศาลาอเนกประสงค์ประจำหมู่บ้าน, หมู่ที่ 7, วิเชตนคร, แจ้ห่ม, ลำปาง"
ลำปาง,แจ้ห่ม,วิเชตนคร,8,8,ศาลาอเนกประสงค์ประจำหมู่บ้าน,18.70401400221635,99.56150698866122,"ศาลาอเนกประสงค์ประจำหมู่บ้าน, หมู่ที่ 8, วิเชตนคร, แจ้ห่ม, ลำปาง"
ลำปาง,แจ้ห่ม,วิเชตนคร,9,8,โรงเรียนบ้านใหม่เหล่ายาว,18.72758724,99.56145698,"โรงเรียนบ้านใหม่เหล่ายาว, หมู่ที่ 8, วิเชตนคร, แจ้ห่ม, ลำปาง"
ลำปาง,แจ้ห่ม,วิเชตนคร,10,9,ศาลาอเนกประสงค์ประจำหมู่บ้าน,18.706829757087977,99.56077878493818,"ศาลาอเนกประสงค์ประจำหมู่บ้าน, หมู่ที่ 9, วิเชตนคร, แจ้ห่ม, ลำปาง"
ลำปาง,แจ้ห่ม,วิเชตนคร,11,10,ศาลาอเนกประสงค์ประจำหมู่บ้าน,18.708305878661218,99.55827282778365,"ศาลาอเนกประสงค์ประจำหมู่บ้าน, หมู่ที่ 10, วิเชตนคร, แจ้ห่ม, ลำปาง"
ลำปาง,แจ้ห่ม,วิเชตนคร,12,11,ศาลาอเนกประสงค์ประจำหมู่บ้าน,18.70757767493818,99.55545707291202,"ศาลาอเนกประสงค์ประจำหมู่บ้าน, หมู่ที่ 11, วิเชตนคร, แจ้ห่ม, ลำปาง"
ลำปาง,แจ้ห่ม,เมืองมาย,1,1,ศาลาอเนกประสงค์ประจำหมู่บ้าน,18.61220749071598,99.62931634496083,"ศาลาอเนกประสงค์ประจำหมู่บ้าน, หมู่ที่ 1, เมืองมาย, แจ้ห่ม, ลำปาง"
ลำปาง,แจ้ห่ม,เมืองมาย,2,2,อาคารอเนกประสงค์โรงเรียนบ้านนาไหม้,18.614860410948157,99.62752692766972,"อาคารอเนกประสงค์โรงเรียนบ้านนาไหม้, หมู่ที่ 2, เมืองมาย, แจ้ห่ม, ลำปาง"
ลำปาง,แจ้ห่ม,เมืองมาย,3,3,อาคารอเนกประสงค์โรงเรียนบ้านนางาม,18.66116536,99.67792607,"อาคารอเนกประสงค์โรงเรียนบ้านนางาม, หมู่ที่ 3, เมืองมาย, แจ้ห่ม, ลำปาง"
ลำปาง,แจ้ห่ม,เมืองมาย,4,3,ศูนย์การเรียนรู้ชุมชนชาวไทยภูเขาแม่ฟ้าหลวง (บ้านแม่ก๋า),18.614637190232177,99.6243347227089,"ศูนย์การเรียนรู้ชุมชนชาวไทยภูเขาแม่ฟ้าหลวง (บ้านแม่ก๋า), หมู่ที่ 3, เมืองมาย, แจ้ห่ม, ลำปาง"
ลำปาง,แจ้ห่ม,เมืองมาย,5,4,ศาลาอเนกประสงค์ประจำหมู่บ้าน,18.61176104928402,99.62293193503918,"ศาลาอเนกประสงค์ประจำหมู่บ้าน, หมู่ที่ 4, เมืองมาย, แจ้ห่ม, ลำปาง"
ลำปาง,แจ้ห่ม,เมืองมาย,6,5,ศาลาอเนกประสงค์ประจำหมู่บ้าน,18.609108129051844,99.62472135233028,"ศาลาอเนกประสงค์ประจำหมู่บ้าน, หมู่ที่ 5, เมืองมาย, แจ้ห่ม, ลำปาง"
ลำปาง,แจ้ห่ม,เมืองมาย,7,6,ศาลาอเนกประสงค์ประจำหมู่บ้าน,18.609331349767825,99.62791355729111,"ศาลาอเนกประสงค์ประจำหมู่บ้าน, หมู่ที่ 6, เมืองมาย, แจ้ห่ม, ลำปาง"
ลำปาง,แจ้ห่ม,แจ้ห่ม(นอกเขต),1,3,ศาลาอเนกประสงค์ประจำหมู่บ้าน,18.714534560915286,99.55656139671385,"ศาลาอเนกประสงค์ประจำหมู่บ้าน, หมู่ที่ 3, แจ้ห่ม(นอกเขต), แจ้ห่ม, ลำปาง"
ลำปาง,แจ้ห่ม,แจ้ห่ม(นอกเขต),2,4,ศาลาอเนกประสงค์ประจำหมู่บ้าน,18.710880379084717,99.55818834328616,"ศาลาอเนกประสงค์ประจำหมู่บ้าน, หมู่ที่ 4, แจ้ห่ม(นอกเขต), แจ้ห่ม, ลำปาง"
ลำปาง,แจ้ห่ม,แจ้ห่ม(นอกเขต),3,5,ศาลาการเปรียญวัดกู่คำน้อย ศาลาที่ 1,18.69467677295065,99.57446502849278,"ศาลาการเปรียญวัดกู่คำน้อย ศาลาที่ 1, หมู่ที่ 5, แจ้ห่ม(นอกเขต), แจ้ห่ม, ลำปาง"
ลำปาง,แจ้ห่ม,แจ้ห่ม(นอกเขต),4,5,ศาลาการเปรียญวัดกู่คำน้อย ศาลาที่ 2,18.692214127049347,99.57761707150722,"ศาลาการเปรียญวัดกู่คำน้อย ศาลาที่ 2, หมู่ที่ 5, แจ้ห่ม(นอกเขต), แจ้ห่ม, ลำปาง"
ลำปาง,แจ้ห่ม,แจ้ห่ม(นอกเขต),5,6,ศูนย์เรียนรู้ชุมชนบ้านม่วง,18.706773431926848,99.56838668487313,"ศูนย์เรียนรู้ชุมชนบ้านม่วง, หมู่ที่ 6, แจ้ห่ม(นอกเขต), แจ้ห่ม, ลำปาง"
ลำปาง,แจ้ห่ม,แจ้ห่ม(นอกเขต),6,7,ศาลา SML ประจำหมู่บ้าน,18.705409233389037,99.56329542661842,"ศาลา SML ประจำหมู่บ้าน, หมู่ที่ 7, แจ้ห่ม(นอกเขต), แจ้ห่ม, ลำปาง"
ลำปาง,แจ้ห่ม,แจ้ห่ม(นอกเขต),7,10,ศาลาอเนกประสงค์ประจำหมู่บ้าน,18.700158432197135,99.56375481219713,"ศาลาอเนกประสงค์ประจำหมู่บ้าน, หมู่ที่ 10, แจ้ห่ม(นอกเขต), แจ้ห่ม, ลำปาง"
ลำปาง,แจ้ห่ม,แจ้ห่ม(นอกเขต),8,11,ศาลาอเนกประสงค์ประจำหมู่บ้าน,18.698973171737823,99.56629661145473,"ศาลาอเนกประสงค์ประจำหมู่บ้าน, หมู่ที่ 11, แจ้ห่ม(นอกเขต), แจ้ห่ม, ลำปาง"
ลำปาง,แจ้ห่ม,แจ้ห่ม(ในเขต),1,1,หอประชุมเทศบาลตำบลแจ้ห่ม,18.699699046618413,99.56900561338904,"หอประชุมเทศบาลตำบลแจ้ห่ม, หมู่ที่ 1, แจ้ห่ม(ในเขต), แจ้ห่ม, ลำปาง"
ลำปาง,แจ้ห่ม,แจ้ห่ม(ในเขต),2,1,ศาลาวัดศรีหลวง,18.70199641191508,99.57061424588778,"ศาลาวัดศรีหลวง, หมู่ที่ 1, แจ้ห่ม(ในเขต), แจ้ห่ม, ลำปาง"
ลำปาง,แจ้ห่ม,แจ้ห่ม(ในเขต),3,2,ศาลาอเนกประสงค์ประจำหมู่บ้าน,18.704790304873136,99.57036981192685,"ศาลาอเนกประสงค์ประจำหมู่บ้าน, หมู่ที่ 2, แจ้ห่ม(ในเขต), แจ้ห่ม, ลำปาง"
ลำปาง,แจ้ห่ม,แจ้ห่ม(ในเขต),4,3,วัดเชียงหมั้น,18.7002293,99.57407893,"วัดเชียงหมั้น, หมู่ที่ 3, แจ้ห่ม(ในเขต), แจ้ห่ม, ลำปาง"
ลำปาง,แจ้ห่ม,แจ้ห่ม(ในเขต),5,8,ศาลาอเนกประสงค์ประจำหมู่บ้าน,18.707017865887785,99.56559279191508,"ศาลาอเนกประสงค์ประจำหมู่บ้าน, หมู่ที่ 8, แจ้ห่ม(ในเขต), แจ้ห่ม, ลำปาง"
ลำปาง,แจ้ห่ม,แจ้ห่ม(ในเขต),6,9,ศาลาอเนกประสงค์ประจำหมู่บ้าน,18.702700231454735,99.56256955173782,"ศาลาอเนกประสงค์ประจำหมู่บ้าน, หมู่ที่ 9, แจ้ห่ม(ในเขต), แจ้ห่ม, ลำปาง"
ลำปาง,แจ้ห่ม,แม่สุก,1,1,ศาลา SML บ้านแม่สุก,18.782034587702853,99.5784360390009,"ศาลา SML บ้านแม่สุก, หมู่ที่ 1, แม่สุก, แจ้ห่ม, ลำปาง"
ลำปาง,แจ้ห่ม,แม่สุก,2,2,ศาลา SML บ้านหนองกอก,18.85316019,99.56253348,"ศาลา SML บ้านหนองกอก, หมู่ที่ 2, แม่สุก, แจ้ห่ม, ลำปาง"
ลำปาง,แจ้ห่ม,แม่สุก,3,3,ศาลา SML บ้านศรีบุญเรือง,18.82285176,99.5775118,"ศาลา SML บ้านศรีบุญเรือง, หมู่ที่ 3, แม่สุก, แจ้ห่ม, ลำปาง"
ลำปาง,แจ้ห่ม,แม่สุก,4,4,ศาลาอเนกประสงค์ประจำหมู่บ้าน,18.784748341610552,99.58013178064645,"ศาลาอเนกประสงค์ประจำหมู่บ้าน, หมู่ที่ 4, แม่สุก, แจ้ห่ม, ลำปาง"
ลำปาง,แจ้ห่ม,แม่สุก,5,5,หอประชุมโรงเรียนเก่า,18.7875737739077,99.57862947164554,"หอประชุมโรงเรียนเก่า, หมู่ที่ 5, แม่สุก, แจ้ห่ม, ลำปาง"
ลำปาง,แจ้ห่ม,แม่สุก,6,6,ศาลา SML บ้านใหม่สามัคคี,18.79622484,99.57708452,"ศาลา SML บ้านใหม่สามัคคี, หมู่ที่ 6, แม่สุก, แจ้ห่ม, ลำปาง"
ลำปาง,แจ้ห่ม,แม่สุก,7,7,อาคารอเนกประสงค์ประจำหมู่บ้าน,18.787685452297147,99.57543142099908,"อาคารอเนกประสงค์ประจำหมู่บ้าน, หมู่ที่ 7, แม่สุก, แจ้ห่ม, ลำปาง"
ลำปาง,แจ้ห่ม,แม่สุก,8,8,ศาลา SML บ้านผาช่อ,18.89856544,99.60624604,"ศาลา SML บ้านผาช่อ, หมู่ที่ 8, แม่สุก, แจ้ห่ม, ลำปาง"
ลำปาง,แจ้ห่ม,แม่สุก,9,9,ศาลาประชาร่วมใจบ้านสบสุก,18.784971698389448,99.57373567935353,"ศาลาประชาร่วมใจบ้านสบสุก, หมู่ที่ 9, แม่สุก, แจ้ห่ม, ลำปาง"
ลำปาง,แจ้ห่ม,แม่สุก,10,10,หอประชุมโรงเรียนทุ่งคาวิทยา,18.80375078,99.57644919,"หอประชุมโรงเรียนทุ่งคาวิทยา, หมู่ที่ 10, แม่สุก, แจ้ห่ม, ลำปาง"
ลำปาง,แจ้ห่ม,แม่สุก,11,11,อาคารเรียนโรงเรียนบ้านศรีบุญเรือง,18.82299256,99.57759376,"อาคารเรียนโรงเรียนบ้านศรีบุญเรือง, หมู่ที่ 11, แม่สุก, แจ้ห่ม, ลำปาง"
ลำปาง,แจ้ห่ม,แม่สุก,12,12,ศาลาอเนกประสงค์ประจำหมู่บ้าน,18.7821462660923,99.57523798835444,"ศาลาอเนกประสงค์ประจำหมู่บ้าน, หมู่ที่ 12, แม่สุก, แจ้ห่ม, ลำปาง"
