,type,province,district,sub-district,unit_number,total_ballots,valid_ballots,invalid_ballots,no_vote_ballots,remain_ballots
0,บช,ลำปาง,นอกเขต,ชุดที่ 1,-1,700,663,8,29,-1
1,เขต,ลำปาง,นอกเขต,ชุดที่ 1,-1,700,605,32,63,-1
2,บช,ลำปาง,นอกเขต,ชุดที่ 10,-1,700,668,8,24,-1
3,เขต,ลำปาง,นอกเขต,ชุดที่ 10,-1,700,616,28,56,-1
4,บช,ลำปาง,นอกเขต,ชุดที่ 11,-1,700,664,6,30,-1
5,เขต,ลำปาง,นอกเขต,ชุดที่ 11,-1,700,607,28,65,-1
6,บช,ลำปาง,นอกเขต,ชุดที่ 12,-1,700,666,7,27,-1
7,เขต,ลำปาง,นอกเขต,ชุดที่ 12,-1,700,614,33,53,-1
8,บช,ลำปาง,นอกเขต,ชุดที่ 13,-1,694,662,4,28,-1
9,เขต,ลำปาง,นอกเขต,ชุดที่ 13,-1,694,599,37,58,-1
10,บช,ลำปาง,นอกเขต,ชุดที่ 2,-1,700,655,8,37,-1
11,เขต,ลำปาง,นอกเขต,ชุดที่ 2,-1,700,607,30,63,-1
12,บช,ลำปาง,นอกเขต,ชุดที่ 3,-1,700,670,4,26,-1
13,บช,ลำปาง,นอกเขต,ชุดที่ 4,-1,700,672,4,24,-1
14,เขต,ลำปาง,นอกเขต,ชุดที่ 4,-1,700,625,25,50,-1
15,บช,ลำปาง,นอกเขต,ชุดที่ 5,-1,700,665,8,27,-1
16,บช,ลำปาง,นอกเขต,ชุดที่ 6,-1,700,672,4,24,-1
17,เขต,ลำปาง,นอกเขต,ชุดที่ 6,-1,700,621,24,55,-1
18,บช,ลำปาง,นอกเขต,ชุดที่ 7,-1,700,664,6,30,-1
19,เขต,ลำปาง,นอกเขต,ชุดที่ 7,-1,700,612,19,69,-1
20,บช,ลำปาง,นอกเขต,ชุดที่ 8,-1,700,677,4,19,-1
21,เขต,ลำปาง,นอกเขต,ชุดที่ 8,-1,700,626,24,50,-1
22,บช,ลำปาง,นอกเขต,ชุดที่ 9,-1,700,666,6,28,-1
23,เขต,ลำปาง,นอกเขต,ชุดที่ 9,-1,700,607,27,66,-1
24,เขต,ลำปาง,งาว,นาแก,1,300,204,8,2,86
25,เขต,ลำปาง,งาว,นาแก,2,700,404,27,17,252
26,เขต,ลำปาง,งาว,นาแก,3,360,219,14,11,116
27,เขต,ลำปาง,งาว,นาแก,4,460,300,23,6,131
28,เขต,ลำปาง,งาว,นาแก,5,640,437,29,15,159
29,เขต,ลำปาง,งาว,นาแก,6,280,177,15,0,88
30,เขต,ลำปาง,งาว,บ้านร้อง,1,440,281,26,9,124
31,เขต,ลำปาง,งาว,บ้านร้อง,10,440,232,17,12,179
32,เขต,ลำปาง,งาว,บ้านร้อง,11,300,213,9,3,75
33,เขต,ลำปาง,งาว,บ้านร้อง,12,360,183,23,2,152
34,เขต,ลำปาง,งาว,บ้านร้อง,2,520,310,26,9,175
35,เขต,ลำปาง,งาว,บ้านร้อง,3,520,298,28,8,186
36,เขต,ลำปาง,งาว,บ้านร้อง,4,360,233,15,6,106
37,เขต,ลำปาง,งาว,บ้านร้อง,5,520,329,37,13,141
38,เขต,ลำปาง,งาว,บ้านร้อง,6,220,127,13,1,79
39,เขต,ลำปาง,งาว,บ้านร้อง,7,320,186,18,3,113
40,เขต,ลำปาง,งาว,บ้านร้อง,8,200,134,8,2,56
41,เขต,ลำปาง,งาว,บ้านร้อง,9,400,190,23,10,177
42,เขต,ลำปาง,งาว,บ้านหวด,1,340,217,10,7,106
43,เขต,ลำปาง,งาว,บ้านหวด,2,540,307,17,10,206
44,เขต,ลำปาง,งาว,บ้านหวด,3,620,324,27,10,259
45,เขต,ลำปาง,งาว,บ้านหวด,4,580,296,25,12,247
46,เขต,ลำปาง,งาว,บ้านหวด,5,760,405,35,16,304
47,เขต,ลำปาง,งาว,บ้านหวด,6,480,281,30,13,156
48,เขต,ลำปาง,งาว,บ้านหวด,7,340,194,20,12,114
49,เขต,ลำปาง,งาว,บ้านอ้อน,1,440,269,18,14,139
50,เขต,ลำปาง,งาว,บ้านอ้อน,3,560,368,12,11,169
51,เขต,ลำปาง,งาว,บ้านอ้อน,4,500,322,19,6,153
52,เขต,ลำปาง,งาว,บ้านอ้อน,5,400,158,27,11,204
53,เขต,ลำปาง,งาว,บ้านอ้อน,6,420,271,18,6,125
54,เขต,ลำปาง,งาว,บ้านอ้อน,8,160,104,8,0,48
55,เขต,ลำปาง,งาว,บ้านแหง,1,660,395,26,19,220
56,เขต,ลำปาง,งาว,บ้านแหง,2,460,324,23,11,102
57,เขต,ลำปาง,งาว,บ้านแหง,3,700,490,26,8,176
58,เขต,ลำปาง,งาว,บ้านแหง,4,520,358,29,19,114
59,เขต,ลำปาง,งาว,บ้านแหง,5,500,334,18,17,131
60,เขต,ลำปาง,งาว,บ้านแหง,6,500,324,26,5,145
61,เขต,ลำปาง,งาว,บ้านแหง,7,260,188,5,5,62
62,เขต,ลำปาง,งาว,บ้านแหง,8,540,314,31,12,183
63,เขต,ลำปาง,งาว,บ้านแหง,9,640,414,27,5,194
64,เขต,ลำปาง,งาว,บ้านโป่ง,1,480,249,21,17,193
65,เขต,ลำปาง,งาว,บ้านโป่ง,10,460,266,20,16,158
66,เขต,ลำปาง,งาว,บ้านโป่ง,11,360,199,12,7,142
67,เขต,ลำปาง,งาว,บ้านโป่ง,12,420,265,14,13,128
68,เขต,ลำปาง,งาว,บ้านโป่ง,2,440,242,37,3,158
69,เขต,ลำปาง,งาว,บ้านโป่ง,3,340,214,11,4,111
70,เขต,ลำปาง,งาว,บ้านโป่ง,4,400,216,18,11,155
71,เขต,ลำปาง,งาว,บ้านโป่ง,5,520,328,16,11,165
72,เขต,ลำปาง,งาว,บ้านโป่ง,6,500,243,29,11,217
73,เขต,ลำปาง,งาว,บ้านโป่ง,7,360,208,18,1,133
74,เขต,ลำปาง,งาว,บ้านโป่ง,8,380,236,13,11,120
75,เขต,ลำปาง,งาว,บ้านโป่ง,9,420,250,21,21,128
76,เขต,ลำปาง,งาว,ปงเตา,1,500,279,20,3,198
77,เขต,ลำปาง,งาว,ปงเตา,10,180,89,23,2,66
78,เขต,ลำปาง,งาว,ปงเตา,11,260,125,4,2,129
79,เขต,ลำปาง,งาว,ปงเตา,12,380,236,8,3,133
80,เขต,ลำปาง,งาว,ปงเตา,2,560,330,9,8,213
81,เขต,ลำปาง,งาว,ปงเตา,3,280,156,16,9,99
82,เขต,ลำปาง,งาว,ปงเตา,4,460,292,11,7,150
83,เขต,ลำปาง,งาว,ปงเตา,5,640,398,20,11,211
84,เขต,ลำปาง,งาว,ปงเตา,6,360,201,16,8,135
85,เขต,ลำปาง,งาว,ปงเตา,7,380,174,18,5,183
86,เขต,ลำปาง,งาว,ปงเตา,8,360,235,12,9,104
87,เขต,ลำปาง,งาว,ปงเตา,9,440,269,15,2,154
88,เขต,ลำปาง,งาว,หลวงเหนือ,1,380,243,15,8,114
89,เขต,ลำปาง,งาว,หลวงเหนือ,2,440,286,16,6,132
90,เขต,ลำปาง,งาว,หลวงเหนือ,4,500,284,8,24,184
91,เขต,ลำปาง,งาว,หลวงเหนือ,5,540,323,16,22,179
92,เขต,ลำปาง,งาว,หลวงเหนือ,6,560,340,18,19,183
93,เขต,ลำปาง,งาว,หลวงเหนือ,7,240,152,13,3,72
94,เขต,ลำปาง,งาว,หลวงใต้,1,600,368,25,13,194
95,เขต,ลำปาง,งาว,หลวงใต้,2,740,405,32,25,278
96,เขต,ลำปาง,งาว,หลวงใต้,3,480,323,14,14,129
97,เขต,ลำปาง,งาว,หลวงใต้,4,320,206,4,13,97
98,เขต,ลำปาง,งาว,หลวงใต้,5,580,354,20,14,192
99,เขต,ลำปาง,งาว,หลวงใต้,6,760,443,25,13,279
100,เขต,ลำปาง,งาว,หลวงใต้,7,340,223,12,4,101
101,เขต,ลำปาง,งาว,หลวงใต้,8,420,276,22,7,115
102,เขต,ลำปาง,งาว,แม่ตีบ,1,460,269,15,6,170
103,เขต,ลำปาง,งาว,แม่ตีบ,2,480,319,18,5,138
104,เขต,ลำปาง,งาว,แม่ตีบ,3,440,278,21,8,133
105,เขต,ลำปาง,งาว,แม่ตีบ,4,500,339,17,8,136
106,เขต,ลำปาง,งาว,แม่ตีบ,5,520,321,16,7,176
107,เขต,ลำปาง,งาว,แม่ตีบ,6,660,502,24,9,125
108,เขต,ลำปาง,งาว,แม่ตีบ,7,320,210,12,4,94
109,บช,ลำปาง,งาว,นาแก,1,300,198,8,8,86
110,บช,ลำปาง,งาว,นาแก,2,700,413,22,13,252
111,บช,ลำปาง,งาว,นาแก,3,360,228,10,6,116
112,บช,ลำปาง,งาว,นาแก,4,460,308,15,6,131
113,บช,ลำปาง,งาว,นาแก,5,640,449,21,11,159
114,บช,ลำปาง,งาว,นาแก,6,280,183,9,0,88
115,บช,ลำปาง,งาว,บ้านร้อง,1,440,294,15,7,124
116,บช,ลำปาง,งาว,บ้านร้อง,10,440,242,13,6,179
117,บช,ลำปาง,งาว,บ้านร้อง,11,300,217,7,1,75
118,บช,ลำปาง,งาว,บ้านร้อง,12,360,191,14,3,152
119,บช,ลำปาง,งาว,บ้านร้อง,13,240,138,9,0,93
120,บช,ลำปาง,งาว,บ้านร้อง,2,520,310,28,7,175
121,บช,ลำปาง,งาว,บ้านร้อง,3,520,302,25,7,186
122,บช,ลำปาง,งาว,บ้านร้อง,4,360,234,17,3,106
123,บช,ลำปาง,งาว,บ้านร้อง,5,520,338,28,13,141
124,บช,ลำปาง,งาว,บ้านร้อง,6,220,129,11,1,79
125,บช,ลำปาง,งาว,บ้านร้อง,7,320,190,14,3,113
126,บช,ลำปาง,งาว,บ้านร้อง,8,200,136,8,0,56
127,บช,ลำปาง,งาว,บ้านร้อง,9,400,193,24,6,177
128,บช,ลำปาง,งาว,บ้านหวด,1,340,226,4,4,106
129,บช,ลำปาง,งาว,บ้านหวด,2,540,301,28,5,206
130,บช,ลำปาง,งาว,บ้านหวด,3,620,327,31,3,259
131,บช,ลำปาง,งาว,บ้านหวด,4,580,298,25,10,247
132,บช,ลำปาง,งาว,บ้านหวด,5,760,398,44,14,304
133,บช,ลำปาง,งาว,บ้านหวด,6,480,279,33,12,156
134,บช,ลำปาง,งาว,บ้านหวด,7,340,205,13,8,114
135,บช,ลำปาง,งาว,บ้านอ้อน,1,440,285,7,9,139
136,บช,ลำปาง,งาว,บ้านอ้อน,2,600,385,31,7,177
137,บช,ลำปาง,งาว,บ้านอ้อน,3,560,370,12,9,169
138,บช,ลำปาง,งาว,บ้านอ้อน,4,500,325,17,5,153
139,บช,ลำปาง,งาว,บ้านอ้อน,5,400,162,29,5,204
140,บช,ลำปาง,งาว,บ้านอ้อน,6,420,262,29,4,125
141,บช,ลำปาง,งาว,บ้านอ้อน,7,360,221,12,7,120
142,บช,ลำปาง,งาว,บ้านอ้อน,8,160,103,9,0,48
143,บช,ลำปาง,งาว,บ้านแหง,1,660,392,36,12,220
144,บช,ลำปาง,งาว,บ้านแหง,2,460,333,19,6,102
145,บช,ลำปาง,งาว,บ้านแหง,3,700,482,34,8,176
146,บช,ลำปาง,งาว,บ้านแหง,4,520,344,47,15,114
147,บช,ลำปาง,งาว,บ้านแหง,5,500,330,30,9,131
148,บช,ลำปาง,งาว,บ้านแหง,6,500,309,41,5,145
149,บช,ลำปาง,งาว,บ้านแหง,7,260,190,4,4,62
150,บช,ลำปาง,งาว,บ้านแหง,8,540,319,28,10,183
151,บช,ลำปาง,งาว,บ้านแหง,9,640,403,36,7,194
152,บช,ลำปาง,งาว,หลวงเหนือ,1,380,245,21,0,114
153,บช,ลำปาง,งาว,หลวงเหนือ,2,440,274,12,22,132
154,บช,ลำปาง,งาว,หลวงเหนือ,3,560,321,24,12,203
155,บช,ลำปาง,งาว,หลวงเหนือ,4,500,292,7,17,184
156,บช,ลำปาง,งาว,หลวงเหนือ,5,540,326,16,19,179
157,บช,ลำปาง,งาว,หลวงเหนือ,6,560,339,20,18,183
158,บช,ลำปาง,งาว,หลวงเหนือ,7,240,150,12,6,72
159,บช,ลำปาง,งาว,หลวงใต้,1,600,373,26,7,194
160,บช,ลำปาง,งาว,หลวงใต้,2,740,419,28,15,278
161,บช,ลำปาง,งาว,หลวงใต้,3,480,328,12,11,129
162,บช,ลำปาง,งาว,หลวงใต้,4,320,210,6,7,97
163,บช,ลำปาง,งาว,หลวงใต้,5,580,343,40,5,192
164,บช,ลำปาง,งาว,หลวงใต้,6,760,459,14,8,279
165,บช,ลำปาง,งาว,หลวงใต้,7,340,224,14,1,101
166,บช,ลำปาง,งาว,หลวงใต้,8,420,276,24,5,115
167,บช,ลำปาง,งาว,แม่ตีบ,1,460,261,22,7,170
168,บช,ลำปาง,งาว,แม่ตีบ,2,480,320,19,3,138
169,บช,ลำปาง,งาว,แม่ตีบ,3,440,278,16,13,133
170,บช,ลำปาง,งาว,แม่ตีบ,4,500,336,17,11,136
171,บช,ลำปาง,งาว,แม่ตีบ,5,520,326,12,6,176
172,บช,ลำปาง,งาว,แม่ตีบ,6,660,495,30,10,125
173,บช,ลำปาง,งาว,แม่ตีบ,7,320,207,11,8,94
174,บช,ลำปาง,งาว,บ้านโป่ง,1,480,259,15,13,193
175,บช,ลำปาง,งาว,บ้านโป่ง,10,460,279,14,9,158
176,บช,ลำปาง,งาว,บ้านโป่ง,11,360,205,10,3,142
177,บช,ลำปาง,งาว,บ้านโป่ง,12,420,263,20,9,128
178,บช,ลำปาง,งาว,บ้านโป่ง,2,440,261,16,5,158
179,บช,ลำปาง,งาว,บ้านโป่ง,3,340,208,14,7,111
180,บช,ลำปาง,งาว,บ้านโป่ง,4,400,213,31,1,155
181,บช,ลำปาง,งาว,บ้านโป่ง,5,520,338,14,3,165
182,บช,ลำปาง,งาว,บ้านโป่ง,6,500,252,29,2,217
183,บช,ลำปาง,งาว,บ้านโป่ง,7,360,195,31,1,133
184,บช,ลำปาง,งาว,บ้านโป่ง,8,380,234,21,5,120
185,บช,ลำปาง,งาว,บ้านโป่ง,9,420,255,21,16,128
186,บช,ลำปาง,งาว,ปงเตา,1,500,283,14,5,198
187,บช,ลำปาง,งาว,ปงเตา,10,180,95,18,1,66
188,บช,ลำปาง,งาว,ปงเตา,11,260,125,4,2,129
189,บช,ลำปาง,งาว,ปงเตา,12,380,235,11,1,133
190,บช,ลำปาง,งาว,ปงเตา,13,440,302,14,5,119
191,บช,ลำปาง,งาว,ปงเตา,2,560,330,10,7,213
192,บช,ลำปาง,งาว,ปงเตา,3,280,167,4,10,99
193,บช,ลำปาง,งาว,ปงเตา,4,460,294,5,11,150
194,บช,ลำปาง,งาว,ปงเตา,5,640,406,19,4,211
195,บช,ลำปาง,งาว,ปงเตา,6,360,198,21,6,135
196,บช,ลำปาง,งาว,ปงเตา,7,380,172,22,3,183
197,บช,ลำปาง,งาว,ปงเตา,8,360,239,13,4,104
198,บช,ลำปาง,งาว,ปงเตา,9,440,279,5,2,154
199,เขต,ลำปาง,วังเหนือ,วังใต้,1,420,288,16,12,104
200,เขต,ลำปาง,วังเหนือ,วังใต้,2,360,232,19,11,98
201,เขต,ลำปาง,วังเหนือ,วังใต้,3,320,215,6,3,96
202,เขต,ลำปาง,วังเหนือ,วังใต้,4,240,162,8,11,59
203,เขต,ลำปาง,วังเหนือ,วังใต้,5,400,254,19,11,116
204,เขต,ลำปาง,วังเหนือ,วังใต้,6,460,302,15,9,134
205,เขต,ลำปาง,วังเหนือ,วังใต้,7,420,269,15,19,117
206,เขต,ลำปาง,วังเหนือ,ทุ่งฮั้ว,1,400,271,19,23,87
207,เขต,ลำปาง,วังเหนือ,ทุ่งฮั้ว,10,320,195,12,14,99
208,เขต,ลำปาง,วังเหนือ,ทุ่งฮั้ว,11,300,198,19,15,68
209,เขต,ลำปาง,วังเหนือ,ทุ่งฮั้ว,12,320,203,22,11,84
210,เขต,ลำปาง,วังเหนือ,ทุ่งฮั้ว,2,560,377,25,18,140
211,เขต,ลำปาง,วังเหนือ,ทุ่งฮั้ว,3,-1,-1,-1,-1,-1
212,เขต,ลำปาง,วังเหนือ,ทุ่งฮั้ว,4,420,312,14,6,88
213,เขต,ลำปาง,วังเหนือ,ทุ่งฮั้ว,5,520,354,30,7,129
214,เขต,ลำปาง,วังเหนือ,ทุ่งฮั้ว,6,220,143,7,6,64
215,เขต,ลำปาง,วังเหนือ,ทุ่งฮั้ว,7,680,507,29,21,123
216,เขต,ลำปาง,วังเหนือ,ทุ่งฮั้ว,8,240,150,12,10,68
217,เขต,ลำปาง,วังเหนือ,ทุ่งฮั้ว,9,240,148,15,16,61
218,เขต,ลำปาง,วังเหนือ,บ้านใหม่,1,460,297,34,12,117
219,เขต,ลำปาง,วังเหนือ,บ้านใหม่,2,420,293,21,14,92
220,เขต,ลำปาง,วังเหนือ,บ้านใหม่,3,540,333,26,21,160
221,เขต,ลำปาง,วังเหนือ,บ้านใหม่,4,560,343,31,26,160
222,เขต,ลำปาง,วังเหนือ,ร่องเคาะ,1,720,355,42,14,309
223,เขต,ลำปาง,วังเหนือ,ร่องเคาะ,10,300,192,10,0,98
224,เขต,ลำปาง,วังเหนือ,ร่องเคาะ,11,280,193,6,16,65
225,เขต,ลำปาง,วังเหนือ,ร่องเคาะ,12,440,182,30,6,222
226,เขต,ลำปาง,วังเหนือ,ร่องเคาะ,13,380,155,24,2,199
227,เขต,ลำปาง,วังเหนือ,ร่องเคาะ,14,340,224,17,14,85
228,เขต,ลำปาง,วังเหนือ,ร่องเคาะ,15,320,224,17,4,75
229,เขต,ลำปาง,วังเหนือ,ร่องเคาะ,16,400,283,11,27,79
230,เขต,ลำปาง,วังเหนือ,ร่องเคาะ,17,340,202,13,11,114
231,เขต,ลำปาง,วังเหนือ,ร่องเคาะ,18,380,239,8,7,126
232,เขต,ลำปาง,วังเหนือ,ร่องเคาะ,2,340,214,16,13,97
233,เขต,ลำปาง,วังเหนือ,ร่องเคาะ,3,380,226,28,19,107
234,เขต,ลำปาง,วังเหนือ,ร่องเคาะ,4,720,497,28,25,170
235,เขต,ลำปาง,วังเหนือ,ร่องเคาะ,5,300,186,17,5,92
236,เขต,ลำปาง,วังเหนือ,ร่องเคาะ,6,400,281,24,2,93
237,เขต,ลำปาง,วังเหนือ,ร่องเคาะ,7,460,259,20,12,169
238,เขต,ลำปาง,วังเหนือ,ร่องเคาะ,8,660,483,25,32,120
239,เขต,ลำปาง,วังเหนือ,ร่องเคาะ,9,660,427,27,26,180
240,เขต,ลำปาง,วังเหนือ,วังซ้าย,1,160,92,7,1,60
241,เขต,ลำปาง,วังเหนือ,วังซ้าย,10,360,265,12,5,78
242,เขต,ลำปาง,วังเหนือ,วังซ้าย,2,340,241,9,8,82
243,เขต,ลำปาง,วังเหนือ,วังซ้าย,3,500,340,19,7,134
244,เขต,ลำปาง,วังเหนือ,วังซ้าย,4,520,353,21,7,139
245,เขต,ลำปาง,วังเหนือ,วังซ้าย,5,480,308,26,23,123
246,เขต,ลำปาง,วังเหนือ,วังซ้าย,6,320,232,13,7,68
247,เขต,ลำปาง,วังเหนือ,วังซ้าย,7,420,297,16,11,96
248,เขต,ลำปาง,วังเหนือ,วังซ้าย,8,520,357,26,11,126
249,เขต,ลำปาง,วังเหนือ,วังซ้าย,9,360,244,25,7,84
250,เขต,ลำปาง,วังเหนือ,วังทรายคำ,1,360,236,13,9,102
251,เขต,ลำปาง,วังเหนือ,วังทรายคำ,2,320,211,13,24,72
252,เขต,ลำปาง,วังเหนือ,วังทรายคำ,3,440,266,35,31,108
253,เขต,ลำปาง,วังเหนือ,วังทรายคำ,4,400,281,17,32,70
254,เขต,ลำปาง,วังเหนือ,วังทรายคำ,5,220,151,14,5,50
255,เขต,ลำปาง,วังเหนือ,วังทรายคำ,6,420,252,18,20,130
256,เขต,ลำปาง,วังเหนือ,วังทรายคำ,7,460,326,19,10,105
257,เขต,ลำปาง,วังเหนือ,วังทรายคำ,8,260,149,13,22,76
258,เขต,ลำปาง,วังเหนือ,วังทรายคำ,9,340,218,18,9,95
259,เขต,ลำปาง,วังเหนือ,วังทอง,1,380,280,10,1,89
260,เขต,ลำปาง,วังเหนือ,วังทอง,2,560,373,14,9,164
261,เขต,ลำปาง,วังเหนือ,วังทอง,3,600,426,35,16,123
262,เขต,ลำปาง,วังเหนือ,วังทอง,4,480,315,13,14,138
263,เขต,ลำปาง,วังเหนือ,วังทอง,5,180,115,12,10,43
264,เขต,ลำปาง,วังเหนือ,วังทอง,6,520,373,16,10,121
265,เขต,ลำปาง,วังเหนือ,วังทอง,7,580,413,32,26,109
266,เขต,ลำปาง,วังเหนือ,วังทอง,8,420,288,20,8,104
267,เขต,ลำปาง,วังเหนือ,วังทอง,9,320,230,19,8,63
268,เขต,ลำปาง,วังเหนือ,วังเหนือ,1,200,134,8,8,50
269,เขต,ลำปาง,วังเหนือ,วังเหนือ,2,240,163,13,9,55
270,เขต,ลำปาง,วังเหนือ,วังเหนือ,3,720,463,24,52,181
271,เขต,ลำปาง,วังเหนือ,วังเหนือ,4,600,346,41,42,171
272,เขต,ลำปาง,วังเหนือ,วังเหนือ,5,360,216,17,29,98
273,เขต,ลำปาง,วังเหนือ,วังเหนือ,6,420,280,34,7,99
274,เขต,ลำปาง,วังเหนือ,วังเหนือ,7,200,125,13,18,44
275,เขต,ลำปาง,วังเหนือ,วังเหนือ,8,440,298,18,27,97
276,เขต,ลำปาง,วังเหนือ,วังแก้ว,1,380,254,10,6,110
277,เขต,ลำปาง,วังเหนือ,วังแก้ว,2,340,206,25,12,97
278,เขต,ลำปาง,วังเหนือ,วังแก้ว,3,540,381,27,11,121
279,เขต,ลำปาง,วังเหนือ,วังแก้ว,4,400,215,30,21,134
280,เขต,ลำปาง,วังเหนือ,วังแก้ว,5,380,221,28,10,121
281,เขต,ลำปาง,วังเหนือ,วังแก้ว,6,280,159,34,4,83
282,เขต,ลำปาง,วังเหนือ,วังแก้ว,7,320,192,24,6,98
283,บช,ลำปาง,วังเหนือ,ทุ่งฮั้ว,1,400,268,22,23,87
284,บช,ลำปาง,วังเหนือ,ทุ่งฮั้ว,10,320,205,8,8,99
285,บช,ลำปาง,วังเหนือ,ทุ่งฮั้ว,11,300,193,31,8,68
286,บช,ลำปาง,วังเหนือ,ทุ่งฮั้ว,12,320,214,15,7,84
287,บช,ลำปาง,วังเหนือ,ทุ่งฮั้ว,2,-1,-1,-1,-1,-1
288,บช,ลำปาง,วังเหนือ,ทุ่งฮั้ว,3,140,103,3,7,27
289,บช,ลำปาง,วังเหนือ,ทุ่งฮั้ว,4,420,303,23,6,88
290,บช,ลำปาง,วังเหนือ,ทุ่งฮั้ว,5,520,353,31,7,129
291,บช,ลำปาง,วังเหนือ,ทุ่งฮั้ว,6,220,143,7,6,64
292,บช,ลำปาง,วังเหนือ,ทุ่งฮั้ว,7,680,499,38,20,123
293,บช,ลำปาง,วังเหนือ,ทุ่งฮั้ว,8,240,152,16,4,68
294,บช,ลำปาง,วังเหนือ,ทุ่งฮั้ว,9,240,144,20,15,61
295,บช,ลำปาง,วังเหนือ,บ้านใหม่,1,540,350,17,13,160
296,บช,ลำปาง,วังเหนือ,บ้านใหม่,2,420,299,20,9,92
297,บช,ลำปาง,วังเหนือ,บ้านใหม่,3,460,315,21,7,117
298,บช,ลำปาง,วังเหนือ,บ้านใหม่,4,560,351,32,17,160
299,บช,ลำปาง,วังเหนือ,ร่องเคาะ,1,720,366,33,12,309
300,บช,ลำปาง,วังเหนือ,ร่องเคาะ,10,300,194,5,3,98
301,บช,ลำปาง,วังเหนือ,ร่องเคาะ,11,280,192,10,13,65
302,บช,ลำปาง,วังเหนือ,ร่องเคาะ,12,440,197,15,6,222
303,บช,ลำปาง,วังเหนือ,ร่องเคาะ,13,380,167,12,2,199
304,บช,ลำปาง,วังเหนือ,ร่องเคาะ,14,340,237,11,7,85
305,บช,ลำปาง,วังเหนือ,ร่องเคาะ,15,320,220,21,4,75
306,บช,ลำปาง,วังเหนือ,ร่องเคาะ,16,400,285,23,13,79
307,บช,ลำปาง,วังเหนือ,ร่องเคาะ,17,340,203,17,6,114
308,บช,ลำปาง,วังเหนือ,ร่องเคาะ,18,380,242,10,2,126
309,บช,ลำปาง,วังเหนือ,ร่องเคาะ,2,340,216,19,8,97
310,บช,ลำปาง,วังเหนือ,ร่องเคาะ,3,380,235,27,11,107
311,บช,ลำปาง,วังเหนือ,ร่องเคาะ,4,720,502,32,16,170
312,บช,ลำปาง,วังเหนือ,ร่องเคาะ,5,300,199,9,0,92
313,บช,ลำปาง,วังเหนือ,ร่องเคาะ,6,400,290,11,6,93
314,บช,ลำปาง,วังเหนือ,ร่องเคาะ,7,460,264,20,7,169
315,บช,ลำปาง,วังเหนือ,ร่องเคาะ,8,660,467,45,28,120
316,บช,ลำปาง,วังเหนือ,ร่องเคาะ,9,660,448,19,13,180
317,บช,ลำปาง,วังเหนือ,วังซ้าย,1,160,89,11,0,60
318,บช,ลำปาง,วังเหนือ,วังซ้าย,10,360,258,19,5,78
319,บช,ลำปาง,วังเหนือ,วังซ้าย,2,340,237,13,8,82
320,บช,ลำปาง,วังเหนือ,วังซ้าย,3,500,334,25,7,134
321,บช,ลำปาง,วังเหนือ,วังซ้าย,4,520,344,32,5,139
322,บช,ลำปาง,วังเหนือ,วังซ้าย,5,480,313,27,17,123
323,บช,ลำปาง,วังเหนือ,วังซ้าย,6,320,223,18,11,68
324,บช,ลำปาง,วังเหนือ,วังซ้าย,7,420,294,21,9,96
325,บช,ลำปาง,วังเหนือ,วังซ้าย,8,520,350,36,8,126
326,บช,ลำปาง,วังเหนือ,วังซ้าย,9,360,238,32,6,84
327,บช,ลำปาง,วังเหนือ,วังทรายคำ,1,360,233,18,7,102
328,บช,ลำปาง,วังเหนือ,วังทรายคำ,2,320,224,11,13,72
329,บช,ลำปาง,วังเหนือ,วังทรายคำ,3,440,288,28,16,108
330,บช,ลำปาง,วังเหนือ,วังทรายคำ,4,400,295,14,21,70
331,บช,ลำปาง,วังเหนือ,วังทรายคำ,5,220,144,21,5,50
332,บช,ลำปาง,วังเหนือ,วังทรายคำ,6,420,256,23,11,130
333,บช,ลำปาง,วังเหนือ,วังทรายคำ,7,460,320,29,6,105
334,บช,ลำปาง,วังเหนือ,วังทรายคำ,8,260,153,18,13,76
335,บช,ลำปาง,วังเหนือ,วังทรายคำ,9,340,216,20,9,95
336,บช,ลำปาง,วังเหนือ,วังทอง,1,380,279,10,2,89
337,บช,ลำปาง,วังเหนือ,วังทอง,2,560,368,20,8,164
338,บช,ลำปาง,วังเหนือ,วังทอง,3,600,432,33,12,123
339,บช,ลำปาง,วังเหนือ,วังทอง,4,480,310,16,16,138
340,บช,ลำปาง,วังเหนือ,วังทอง,5,180,117,12,8,43
341,บช,ลำปาง,วังเหนือ,วังทอง,6,520,369,16,14,121
342,บช,ลำปาง,วังเหนือ,วังทอง,7,580,432,23,16,109
343,บช,ลำปาง,วังเหนือ,วังทอง,8,420,284,20,12,104
344,บช,ลำปาง,วังเหนือ,วังทอง,9,320,237,10,10,63
345,บช,ลำปาง,วังเหนือ,วังเหนือ,1,200,137,13,0,50
346,บช,ลำปาง,วังเหนือ,วังเหนือ,2,240,155,23,7,55
347,บช,ลำปาง,วังเหนือ,วังเหนือ,3,720,476,34,29,181
348,บช,ลำปาง,วังเหนือ,วังเหนือ,4,600,372,31,26,171
349,บช,ลำปาง,วังเหนือ,วังเหนือ,5,360,212,20,30,98
350,บช,ลำปาง,วังเหนือ,วังเหนือ,6,420,282,30,9,99
351,บช,ลำปาง,วังเหนือ,วังเหนือ,7,200,130,13,13,44
352,บช,ลำปาง,วังเหนือ,วังเหนือ,8,440,303,20,20,97
353,บช,ลำปาง,วังเหนือ,วังแก้ว,1,380,246,15,9,110
354,บช,ลำปาง,วังเหนือ,วังแก้ว,2,340,224,15,4,97
355,บช,ลำปาง,วังเหนือ,วังแก้ว,3,540,385,26,8,121
356,บช,ลำปาง,วังเหนือ,วังแก้ว,4,400,230,20,16,134
357,บช,ลำปาง,วังเหนือ,วังแก้ว,5,380,231,19,9,121
358,บช,ลำปาง,วังเหนือ,วังแก้ว,6,280,171,20,6,83
359,บช,ลำปาง,วังเหนือ,วังแก้ว,7,320,197,20,5,98
360,บช,ลำปาง,วังเหนือ,วังใต้,1,420,286,26,4,104
361,บช,ลำปาง,วังเหนือ,วังใต้,2,360,233,22,7,98
362,บช,ลำปาง,วังเหนือ,วังใต้,3,320,211,11,2,96
363,บช,ลำปาง,วังเหนือ,วังใต้,4,240,164,11,6,59
364,บช,ลำปาง,วังเหนือ,วังใต้,5,400,253,17,14,116
365,บช,ลำปาง,วังเหนือ,วังใต้,6,460,293,29,4,134
366,บช,ลำปาง,วังเหนือ,วังใต้,7,420,266,25,12,117
367,เขต,ลำปาง,เมืองปาน,บ้านขอ,1,440,260,38,19,123
368,เขต,ลำปาง,เมืองปาน,บ้านขอ,10,480,325,25,13,117
369,เขต,ลำปาง,เมืองปาน,บ้านขอ,11,440,265,42,21,112
370,เขต,ลำปาง,เมืองปาน,บ้านขอ,12,560,307,47,18,188
371,เขต,ลำปาง,เมืองปาน,บ้านขอ,13,300,155,20,15,110
372,เขต,ลำปาง,เมืองปาน,บ้านขอ,14,260,154,21,7,78
373,เขต,ลำปาง,เมืองปาน,บ้านขอ,2,540,312,32,30,166
374,เขต,ลำปาง,เมืองปาน,บ้านขอ,3,480,254,42,14,170
375,เขต,ลำปาง,เมืองปาน,บ้านขอ,4,360,186,29,12,133
376,เขต,ลำปาง,เมืองปาน,บ้านขอ,5,500,298,44,19,139
377,เขต,ลำปาง,เมืองปาน,บ้านขอ,6,360,230,18,12,100
378,เขต,ลำปาง,เมืองปาน,บ้านขอ,7,600,393,46,11,150
379,เขต,ลำปาง,เมืองปาน,บ้านขอ,8,420,251,44,11,114
380,เขต,ลำปาง,เมืองปาน,บ้านขอ,9,340,213,35,17,75
381,เขต,ลำปาง,เมืองปาน,ทุ่งกว๋าว,1,560,376,27,17,140
382,เขต,ลำปาง,เมืองปาน,ทุ่งกว๋าว,10,400,242,16,2,140
383,เขต,ลำปาง,เมืองปาน,ทุ่งกว๋าว,11,360,243,6,10,101
384,เขต,ลำปาง,เมืองปาน,ทุ่งกว๋าว,12,340,212,25,14,89
385,เขต,ลำปาง,เมืองปาน,ทุ่งกว๋าว,13,580,397,21,12,150
386,เขต,ลำปาง,เมืองปาน,ทุ่งกว๋าว,14,320,220,17,6,77
387,เขต,ลำปาง,เมืองปาน,ทุ่งกว๋าว,15,240,147,20,4,69
388,เขต,ลำปาง,เมืองปาน,ทุ่งกว๋าว,16,300,174,26,16,84
389,เขต,ลำปาง,เมืองปาน,ทุ่งกว๋าว,2,540,400,12,26,102
390,เขต,ลำปาง,เมืองปาน,ทุ่งกว๋าว,3,320,228,10,2,80
391,เขต,ลำปาง,เมืองปาน,ทุ่งกว๋าว,4,660,404,36,23,197
392,เขต,ลำปาง,เมืองปาน,ทุ่งกว๋าว,5,440,278,20,13,129
393,เขต,ลำปาง,เมืองปาน,ทุ่งกว๋าว,6,400,254,23,15,108
394,เขต,ลำปาง,เมืองปาน,ทุ่งกว๋าว,7,580,359,35,15,171
395,เขต,ลำปาง,เมืองปาน,ทุ่งกว๋าว,8,440,299,17,5,119
396,เขต,ลำปาง,เมืองปาน,ทุ่งกว๋าว,9,400,232,29,22,117
397,เขต,ลำปาง,เมืองปาน,หัวเมือง,1,480,291,26,11,152
398,เขต,ลำปาง,เมืองปาน,หัวเมือง,2,520,282,33,10,195
399,เขต,ลำปาง,เมืองปาน,หัวเมือง,3,340,196,14,12,118
400,เขต,ลำปาง,เมืองปาน,หัวเมือง,4,400,213,44,7,136
401,เขต,ลำปาง,เมืองปาน,หัวเมือง,5,440,265,22,14,139
402,เขต,ลำปาง,เมืองปาน,หัวเมือง,6,360,230,18,3,109
403,เขต,ลำปาง,เมืองปาน,หัวเมือง,7,280,157,16,3,104
404,เขต,ลำปาง,เมืองปาน,หัวเมือง,8,180,111,16,2,51
405,เขต,ลำปาง,เมืองปาน,หัวเมือง,9,300,149,27,16,108
406,บช,ลำปาง,เมืองปาน,เมืองปาน,1,720,431,34,16,239
407,บช,ลำปาง,เมืองปาน,เมืองปาน,10,200,120,7,5,68
408,บช,ลำปาง,เมืองปาน,เมืองปาน,11,380,252,14,7,107
409,บช,ลำปาง,เมืองปาน,เมืองปาน,2,440,286,27,13,114
410,บช,ลำปาง,เมืองปาน,เมืองปาน,3,320,221,12,5,82
411,บช,ลำปาง,เมืองปาน,เมืองปาน,4,480,289,20,14,157
412,บช,ลำปาง,เมืองปาน,เมืองปาน,5,500,328,21,3,148
413,บช,ลำปาง,เมืองปาน,เมืองปาน,6,320,198,11,7,104
414,บช,ลำปาง,เมืองปาน,เมืองปาน,7,240,137,11,5,87
415,บช,ลำปาง,เมืองปาน,เมืองปาน,8,180,101,11,13,55
416,บช,ลำปาง,เมืองปาน,เมืองปาน,9,380,257,15,4,104
417,เขต,ลำปาง,เมืองปาน,แจ้ซ้อน,1,480,305,24,14,137
418,เขต,ลำปาง,เมืองปาน,แจ้ซ้อน,10,120,66,5,1,48
419,เขต,ลำปาง,เมืองปาน,แจ้ซ้อน,11,560,326,50,12,172
420,เขต,ลำปาง,เมืองปาน,แจ้ซ้อน,12,240,151,13,8,68
421,เขต,ลำปาง,เมืองปาน,แจ้ซ้อน,13,500,320,29,13,138
422,เขต,ลำปาง,เมืองปาน,แจ้ซ้อน,14,320,217,11,1,91
423,เขต,ลำปาง,เมืองปาน,แจ้ซ้อน,15,240,157,9,9,65
424,เขต,ลำปาง,เมืองปาน,แจ้ซ้อน,2,420,295,21,6,98
425,เขต,ลำปาง,เมืองปาน,แจ้ซ้อน,3,320,207,20,6,87
426,เขต,ลำปาง,เมืองปาน,แจ้ซ้อน,4,520,347,14,11,148
427,เขต,ลำปาง,เมืองปาน,แจ้ซ้อน,5,460,313,24,12,111
428,เขต,ลำปาง,เมืองปาน,แจ้ซ้อน,6,560,376,19,19,146
429,เขต,ลำปาง,เมืองปาน,แจ้ซ้อน,7,340,215,26,11,88
430,เขต,ลำปาง,เมืองปาน,แจ้ซ้อน,8,600,375,24,11,190
431,เขต,ลำปาง,เมืองปาน,แจ้ซ้อน,9,340,201,12,18,109
432,บช,ลำปาง,เมืองปาน,ทุ่งกว๋าว,1,560,380,28,12,140
433,บช,ลำปาง,เมืองปาน,ทุ่งกว๋าว,10,400,240,18,2,140
434,บช,ลำปาง,เมืองปาน,ทุ่งกว๋าว,11,360,236,23,0,101
435,บช,ลำปาง,เมืองปาน,ทุ่งกว๋าว,12,340,226,19,6,89
436,บช,ลำปาง,เมืองปาน,ทุ่งกว๋าว,13,580,390,34,6,150
437,บช,ลำปาง,เมืองปาน,ทุ่งกว๋าว,14,320,225,15,3,77
438,บช,ลำปาง,เมืองปาน,ทุ่งกว๋าว,15,240,155,12,4,69
439,บช,ลำปาง,เมืองปาน,ทุ่งกว๋าว,16,300,180,25,11,84
440,บช,ลำปาง,เมืองปาน,ทุ่งกว๋าว,2,540,396,37,5,102
441,บช,ลำปาง,เมืองปาน,ทุ่งกว๋าว,3,320,233,4,3,80
442,บช,ลำปาง,เมืองปาน,ทุ่งกว๋าว,4,660,415,30,18,197
443,บช,ลำปาง,เมืองปาน,ทุ่งกว๋าว,5,440,288,17,6,129
444,บช,ลำปาง,เมืองปาน,ทุ่งกว๋าว,6,400,256,24,12,108
445,บช,ลำปาง,เมืองปาน,ทุ่งกว๋าว,7,580,376,27,6,171
446,บช,ลำปาง,เมืองปาน,ทุ่งกว๋าว,8,440,291,26,4,119
447,บช,ลำปาง,เมืองปาน,ทุ่งกว๋าว,9,400,242,19,22,117
448,บช,ลำปาง,เมืองปาน,หัวเมือง,1,480,306,14,8,152
449,บช,ลำปาง,เมืองปาน,หัวเมือง,2,520,302,15,8,195
450,บช,ลำปาง,เมืองปาน,หัวเมือง,3,340,207,10,5,118
451,บช,ลำปาง,เมืองปาน,หัวเมือง,4,400,226,31,7,136
452,บช,ลำปาง,เมืองปาน,หัวเมือง,5,440,282,18,1,139
453,บช,ลำปาง,เมืองปาน,หัวเมือง,6,360,241,7,3,109
454,บช,ลำปาง,เมืองปาน,หัวเมือง,7,280,164,12,0,104
455,บช,ลำปาง,เมืองปาน,หัวเมือง,8,180,115,13,1,51
456,บช,ลำปาง,เมืองปาน,หัวเมือง,9,300,165,16,11,108
457,บช,ลำปาง,เมืองปาน,แจ้ซ้อน,1,480,318,15,10,137
458,บช,ลำปาง,เมืองปาน,แจ้ซ้อน,10,120,69,1,2,48
459,บช,ลำปาง,เมืองปาน,แจ้ซ้อน,11,560,344,31,13,172
460,บช,ลำปาง,เมืองปาน,แจ้ซ้อน,12,240,163,6,3,68
461,บช,ลำปาง,เมืองปาน,แจ้ซ้อน,13,500,329,20,13,138
462,บช,ลำปาง,เมืองปาน,แจ้ซ้อน,14,320,208,21,0,91
463,บช,ลำปาง,เมืองปาน,แจ้ซ้อน,15,240,162,11,2,65
464,บช,ลำปาง,เมืองปาน,แจ้ซ้อน,2,420,296,18,8,98
465,บช,ลำปาง,เมืองปาน,แจ้ซ้อน,3,320,198,26,9,87
466,บช,ลำปาง,เมืองปาน,แจ้ซ้อน,4,520,342,16,14,148
467,บช,ลำปาง,เมืองปาน,แจ้ซ้อน,5,460,325,12,12,111
468,บช,ลำปาง,เมืองปาน,แจ้ซ้อน,6,560,379,27,8,146
469,บช,ลำปาง,เมืองปาน,แจ้ซ้อน,7,340,229,17,6,88
470,บช,ลำปาง,เมืองปาน,แจ้ซ้อน,8,600,375,21,14,190
471,บช,ลำปาง,เมืองปาน,แจ้ซ้อน,9,340,205,11,15,109
472,บช,ลำปาง,เมืองปาน,บ้านขอ,1,440,268,37,12,123
473,บช,ลำปาง,เมืองปาน,บ้านขอ,10,480,323,26,14,117
474,บช,ลำปาง,เมืองปาน,บ้านขอ,11,440,270,41,17,112
475,บช,ลำปาง,เมืองปาน,บ้านขอ,12,560,340,20,12,188
476,บช,ลำปาง,เมืองปาน,บ้านขอ,13,300,168,22,0,110
477,บช,ลำปาง,เมืองปาน,บ้านขอ,14,260,170,10,2,78
478,บช,ลำปาง,เมืองปาน,บ้านขอ,2,540,325,27,22,166
479,บช,ลำปาง,เมืองปาน,บ้านขอ,3,480,272,26,12,170
480,บช,ลำปาง,เมืองปาน,บ้านขอ,4,360,220,3,4,133
481,บช,ลำปาง,เมืองปาน,บ้านขอ,5,500,315,34,12,139
482,บช,ลำปาง,เมืองปาน,บ้านขอ,6,360,228,23,9,100
483,บช,ลำปาง,เมืองปาน,บ้านขอ,7,600,413,32,5,150
484,บช,ลำปาง,เมืองปาน,บ้านขอ,8,420,272,26,8,114
485,บช,ลำปาง,เมืองปาน,บ้านขอ,9,340,232,22,11,75
486,เขต,ลำปาง,เมืองปาน,เมืองปาน,1,720,403,50,28,239
487,เขต,ลำปาง,เมืองปาน,เมืองปาน,10,200,122,4,6,68
488,เขต,ลำปาง,เมืองปาน,เมืองปาน,11,380,236,18,19,107
489,เขต,ลำปาง,เมืองปาน,เมืองปาน,2,440,266,41,19,114
490,เขต,ลำปาง,เมืองปาน,เมืองปาน,3,320,209,19,10,82
491,เขต,ลำปาง,เมืองปาน,เมืองปาน,4,480,265,31,27,157
492,เขต,ลำปาง,เมืองปาน,เมืองปาน,5,500,324,18,10,148
493,เขต,ลำปาง,เมืองปาน,เมืองปาน,6,320,190,18,8,104
494,เขต,ลำปาง,เมืองปาน,เมืองปาน,8,180,96,14,15,55
495,เขต,ลำปาง,เมืองปาน,เมืองปาน,9,380,251,17,8,104
496,เขต,ลำปาง,เมืองลำปาง,บ้านเสด็จ,1,760,550,50,33,127
497,เขต,ลำปาง,เมืองลำปาง,บ้านเสด็จ,10,320,180,25,17,98
498,เขต,ลำปาง,เมืองลำปาง,บ้านเสด็จ,12,220,116,18,14,72
499,เขต,ลำปาง,เมืองลำปาง,บ้านเสด็จ,13,480,283,29,31,137
500,เขต,ลำปาง,เมืองลำปาง,บ้านเสด็จ,14,420,225,45,17,133
501,เขต,ลำปาง,เมืองลำปาง,บ้านเสด็จ,15,380,253,40,21,66
502,เขต,ลำปาง,เมืองลำปาง,บ้านเสด็จ,16,480,279,36,32,133
503,เขต,ลำปาง,เมืองลำปาง,บ้านเสด็จ,17,200,126,8,12,54
504,เขต,ลำปาง,เมืองลำปาง,บ้านเสด็จ,18,160,94,5,10,51
505,เขต,ลำปาง,เมืองลำปาง,บ้านเสด็จ,19,420,241,23,18,138
506,เขต,ลำปาง,เมืองลำปาง,บ้านเสด็จ,2,400,219,23,26,132
507,เขต,ลำปาง,เมืองลำปาง,บ้านเสด็จ,3,420,220,28,19,153
508,เขต,ลำปาง,เมืองลำปาง,บ้านเสด็จ,4,440,255,32,23,130
509,เขต,ลำปาง,เมืองลำปาง,บ้านเสด็จ,5,660,413,50,38,159
510,เขต,ลำปาง,เมืองลำปาง,บ้านเสด็จ,6,360,229,12,11,108
511,เขต,ลำปาง,เมืองลำปาง,บ้านเสด็จ,7,480,306,15,17,142
512,เขต,ลำปาง,เมืองลำปาง,บ้านเสด็จ,8,-1,-1,-1,-1,-1
513,เขต,ลำปาง,เมืองลำปาง,บ้านเสด็จ,9,500,302,21,25,152
514,เขต,ลำปาง,เมืองลำปาง,บ้านแลง,1,420,240,33,11,136
515,เขต,ลำปาง,เมืองลำปาง,บ้านแลง,10,240,144,12,10,74
516,เขต,ลำปาง,เมืองลำปาง,บ้านแลง,11,700,406,50,23,221
517,เขต,ลำปาง,เมืองลำปาง,บ้านแลง,12,280,159,31,10,80
518,เขต,ลำปาง,เมืองลำปาง,บ้านแลง,2,320,183,12,20,105
519,เขต,ลำปาง,เมืองลำปาง,บ้านแลง,3,600,335,58,49,158
520,เขต,ลำปาง,เมืองลำปาง,บ้านแลง,4,500,317,27,22,134
521,เขต,ลำปาง,เมืองลำปาง,บ้านแลง,5,420,292,39,14,75
522,เขต,ลำปาง,เมืองลำปาง,บ้านแลง,6,280,172,18,9,81
523,เขต,ลำปาง,เมืองลำปาง,บ้านแลง,7,240,126,31,5,78
524,เขต,ลำปาง,เมืองลำปาง,บ้านแลง,8,640,334,46,52,208
525,เขต,ลำปาง,เมืองลำปาง,บ้านแลง,9,400,232,34,13,121
526,บช,ลำปาง,เมืองลำปาง,บ้านเสด็จ,1,760,568,43,22,127
527,บช,ลำปาง,เมืองลำปาง,บ้านเสด็จ,10,320,200,13,9,98
528,บช,ลำปาง,เมืองลำปาง,บ้านเสด็จ,11,720,409,48,21,242
529,บช,ลำปาง,เมืองลำปาง,บ้านเสด็จ,12,220,129,10,9,72
530,บช,ลำปาง,เมืองลำปาง,บ้านเสด็จ,13,480,300,26,17,137
531,บช,ลำปาง,เมืองลำปาง,บ้านเสด็จ,14,420,250,27,10,133
532,บช,ลำปาง,เมืองลำปาง,บ้านเสด็จ,15,380,269,31,14,66
533,บช,ลำปาง,เมืองลำปาง,บ้านเสด็จ,16,480,284,38,25,133
534,บช,ลำปาง,เมืองลำปาง,บ้านเสด็จ,17,200,136,2,8,54
535,บช,ลำปาง,เมืองลำปาง,บ้านเสด็จ,18,160,96,5,8,51
536,บช,ลำปาง,เมืองลำปาง,บ้านเสด็จ,19,420,250,17,15,138
537,บช,ลำปาง,เมืองลำปาง,บ้านเสด็จ,2,400,241,13,14,132
538,บช,ลำปาง,เมืองลำปาง,บ้านเสด็จ,3,420,238,24,5,153
539,บช,ลำปาง,เมืองลำปาง,บ้านเสด็จ,4,440,280,15,15,130
540,บช,ลำปาง,เมืองลำปาง,บ้านเสด็จ,5,660,439,32,30,159
541,บช,ลำปาง,เมืองลำปาง,บ้านเสด็จ,6,360,240,5,7,108
542,บช,ลำปาง,เมืองลำปาง,บ้านเสด็จ,7,480,314,15,9,142
543,บช,ลำปาง,เมืองลำปาง,บ้านเสด็จ,8,400,260,31,13,96
544,บช,ลำปาง,เมืองลำปาง,บ้านเสด็จ,9,500,316,15,17,152
545,บช,ลำปาง,เมืองลำปาง,บ้านแลง,1,420,264,14,6,136
546,บช,ลำปาง,เมืองลำปาง,บ้านแลง,10,240,147,14,5,74
547,บช,ลำปาง,เมืองลำปาง,บ้านแลง,11,700,424,39,16,221
548,บช,ลำปาง,เมืองลำปาง,บ้านแลง,12,280,178,19,3,80
549,บช,ลำปาง,เมืองลำปาง,บ้านแลง,2,320,190,9,16,105
550,บช,ลำปาง,เมืองลำปาง,บ้านแลง,3,600,372,31,39,158
551,บช,ลำปาง,เมืองลำปาง,บ้านแลง,4,500,343,10,13,134
552,บช,ลำปาง,เมืองลำปาง,บ้านแลง,5,420,314,22,9,75
553,บช,ลำปาง,เมืองลำปาง,บ้านแลง,6,280,179,12,8,81
554,บช,ลำปาง,เมืองลำปาง,บ้านแลง,7,240,151,7,4,78
555,บช,ลำปาง,เมืองลำปาง,บ้านแลง,8,640,362,34,36,208
556,บช,ลำปาง,เมืองลำปาง,บ้านแลง,9,400,245,20,14,121
557,เขต,ลำปาง,แจ้ห่ม,ทุ่งผึ้ง,1,520,365,30,24,101
558,เขต,ลำปาง,แจ้ห่ม,ทุ่งผึ้ง,2,600,400,51,32,117
559,เขต,ลำปาง,แจ้ห่ม,ทุ่งผึ้ง,3,400,273,21,9,97
560,เขต,ลำปาง,แจ้ห่ม,ทุ่งผึ้ง,4,480,357,22,4,97
561,เขต,ลำปาง,แจ้ห่ม,ทุ่งผึ้ง,5,280,206,14,7,53
562,เขต,ลำปาง,แจ้ห่ม,ทุ่งผึ้ง,6,400,288,26,6,80
563,เขต,ลำปาง,แจ้ห่ม,ทุ่งผึ้ง,7,300,196,26,2,76
564,เขต,ลำปาง,แจ้ห่ม,ทุ่งผึ้ง,8,180,134,11,5,30
565,เขต,ลำปาง,แจ้ห่ม,บ้านสา,1,340,207,25,21,87
566,เขต,ลำปาง,แจ้ห่ม,บ้านสา,10,440,295,25,21,99
567,เขต,ลำปาง,แจ้ห่ม,บ้านสา,2,320,212,11,27,70
568,เขต,ลำปาง,แจ้ห่ม,บ้านสา,3,460,344,19,20,77
569,เขต,ลำปาง,แจ้ห่ม,บ้านสา,4,520,328,17,28,147
570,เขต,ลำปาง,แจ้ห่ม,บ้านสา,5,400,267,33,28,72
571,เขต,ลำปาง,แจ้ห่ม,บ้านสา,6,280,152,29,32,67
572,เขต,ลำปาง,แจ้ห่ม,บ้านสา,7,440,303,23,19,95
573,เขต,ลำปาง,แจ้ห่ม,บ้านสา,9,380,264,19,15,82
574,เขต,ลำปาง,แจ้ห่ม,วิเชตนคร,1,300,208,12,12,68
575,เขต,ลำปาง,แจ้ห่ม,วิเชตนคร,10,740,487,28,20,205
576,เขต,ลำปาง,แจ้ห่ม,วิเชตนคร,12,240,155,8,11,66
577,เขต,ลำปาง,แจ้ห่ม,วิเชตนคร,2,680,495,32,12,141
578,เขต,ลำปาง,แจ้ห่ม,วิเชตนคร,3,660,444,14,27,175
579,เขต,ลำปาง,แจ้ห่ม,วิเชตนคร,4,520,385,11,11,113
580,เขต,ลำปาง,แจ้ห่ม,วิเชตนคร,5,660,389,43,30,198
581,เขต,ลำปาง,แจ้ห่ม,วิเชตนคร,6,580,383,29,21,147
582,เขต,ลำปาง,แจ้ห่ม,วิเชตนคร,7,340,221,11,12,96
583,เขต,ลำปาง,แจ้ห่ม,วิเชตนคร,8,400,250,22,12,116
584,เขต,ลำปาง,แจ้ห่ม,วิเชตนคร,9,360,273,9,10,68
585,เขต,ลำปาง,แจ้ห่ม,เมืองมาย,1,200,157,8,9,26
586,เขต,ลำปาง,แจ้ห่ม,เมืองมาย,2,420,282,24,4,110
587,เขต,ลำปาง,แจ้ห่ม,เมืองมาย,3,260,179,15,5,61
588,เขต,ลำปาง,แจ้ห่ม,เมืองมาย,4,140,73,5,1,61
589,เขต,ลำปาง,แจ้ห่ม,เมืองมาย,5,380,289,24,6,61
590,เขต,ลำปาง,แจ้ห่ม,เมืองมาย,6,660,491,53,9,107
591,เขต,ลำปาง,แจ้ห่ม,เมืองมาย,7,500,340,29,15,116
592,เขต,ลำปาง,แจ้ห่ม,แม่สุก,10,600,369,37,19,175
593,เขต,ลำปาง,แจ้ห่ม,แม่สุก,11,440,273,22,13,132
594,เขต,ลำปาง,แจ้ห่ม,แม่สุก,12,380,278,11,7,84
595,เขต,ลำปาง,แจ้ห่ม,แม่สุก,1,360,245,15,10,90
596,เขต,ลำปาง,แจ้ห่ม,แม่สุก,2,620,391,45,26,158
597,เขต,ลำปาง,แจ้ห่ม,แม่สุก,3,460,292,23,10,135
598,เขต,ลำปาง,แจ้ห่ม,แม่สุก,4,500,244,35,33,188
599,เขต,ลำปาง,แจ้ห่ม,แม่สุก,5,320,187,30,18,85
600,เขต,ลำปาง,แจ้ห่ม,แม่สุก,6,520,377,16,7,120
601,เขต,ลำปาง,แจ้ห่ม,แม่สุก,7,420,247,30,10,133
602,เขต,ลำปาง,แจ้ห่ม,แม่สุก,8,400,215,18,5,162
603,เขต,ลำปาง,แจ้ห่ม,แม่สุก,9,400,252,14,16,118
604,เขต,ลำปาง,แจ้ห่ม,แจ้ห่ม(ในเขต),1,680,423,21,43,193
605,เขต,ลำปาง,แจ้ห่ม,แจ้ห่ม(ในเขต),2,80,49,1,1,29
606,เขต,ลำปาง,แจ้ห่ม,แจ้ห่ม(ในเขต),3,400,259,18,22,101
607,เขต,ลำปาง,แจ้ห่ม,แจ้ห่ม(ในเขต),4,280,179,14,7,80
608,เขต,ลำปาง,แจ้ห่ม,แจ้ห่ม(ในเขต),5,680,451,25,31,173
609,เขต,ลำปาง,แจ้ห่ม,แจ้ห่ม(ในเขต),6,580,366,18,31,165
610,เขต,ลำปาง,แจ้ห่ม,แจ้ห่ม(นอกเขต),1,140,77,5,5,53
611,เขต,ลำปาง,แจ้ห่ม,แจ้ห่ม(นอกเขต),2,320,183,39,24,74
612,เขต,ลำปาง,แจ้ห่ม,แจ้ห่ม(นอกเขต),3,440,277,14,12,137
613,เขต,ลำปาง,แจ้ห่ม,แจ้ห่ม(นอกเขต),4,460,309,22,26,103
614,เขต,ลำปาง,แจ้ห่ม,แจ้ห่ม(นอกเขต),5,480,312,31,23,114
615,เขต,ลำปาง,แจ้ห่ม,แจ้ห่ม(นอกเขต),6,660,415,45,30,170
616,เขต,ลำปาง,แจ้ห่ม,แจ้ห่ม(นอกเขต),7,400,259,16,23,102
617,เขต,ลำปาง,แจ้ห่ม,แจ้ห่ม(นอกเขต),8,280,185,19,13,63
618,เขต,ลำปาง,แจ้ห่ม,ปงดอน,1,400,208,30,24,138
619,เขต,ลำปาง,แจ้ห่ม,ปงดอน,2,400,201,30,34,135
620,เขต,ลำปาง,แจ้ห่ม,ปงดอน,3,480,264,34,28,154
621,เขต,ลำปาง,แจ้ห่ม,ปงดอน,4,640,359,26,59,196
622,เขต,ลำปาง,แจ้ห่ม,ปงดอน,5,360,189,40,16,115
623,เขต,ลำปาง,แจ้ห่ม,ปงดอน,6,80,51,1,4,24
624,เขต,ลำปาง,แจ้ห่ม,ปงดอน,7,680,346,47,46,241
625,เขต,ลำปาง,แจ้ห่ม,ปงดอน,8,300,159,28,21,92
626,เขต,ลำปาง,แจ้ห่ม,ปงดอน,9,160,95,9,3,53
627,บช,ลำปาง,แจ้ห่ม,บ้านสา,1,340,216,21,16,87
628,บช,ลำปาง,แจ้ห่ม,บ้านสา,10,440,294,31,16,99
629,บช,ลำปาง,แจ้ห่ม,บ้านสา,2,320,216,14,20,70
630,บช,ลำปาง,แจ้ห่ม,บ้านสา,3,460,344,5,34,77
631,บช,ลำปาง,แจ้ห่ม,บ้านสา,4,520,336,24,13,147
632,บช,ลำปาง,แจ้ห่ม,บ้านสา,5,400,287,26,15,72
633,บช,ลำปาง,แจ้ห่ม,บ้านสา,6,280,183,14,16,67
634,บช,ลำปาง,แจ้ห่ม,บ้านสา,7,440,306,29,10,95
635,บช,ลำปาง,แจ้ห่ม,บ้านสา,8,320,220,11,4,85
636,บช,ลำปาง,แจ้ห่ม,บ้านสา,9,380,273,12,13,82
637,บช,ลำปาง,แจ้ห่ม,ปงดอน,1,400,216,28,17,139
638,บช,ลำปาง,แจ้ห่ม,ปงดอน,2,400,220,15,30,135
639,บช,ลำปาง,แจ้ห่ม,ปงดอน,3,480,286,16,24,154
640,บช,ลำปาง,แจ้ห่ม,ปงดอน,4,640,378,18,48,196
641,บช,ลำปาง,แจ้ห่ม,ปงดอน,5,360,205,30,10,115
642,บช,ลำปาง,แจ้ห่ม,ปงดอน,6,80,56,0,1,23
643,บช,ลำปาง,แจ้ห่ม,ปงดอน,7,680,367,41,31,241
644,บช,ลำปาง,แจ้ห่ม,ปงดอน,8,300,161,39,8,92
645,บช,ลำปาง,แจ้ห่ม,ปงดอน,9,160,99,1,7,53
646,บช,ลำปาง,แจ้ห่ม,วิเชตนคร,1,300,218,9,5,68
647,บช,ลำปาง,แจ้ห่ม,วิเชตนคร,10,740,484,34,17,205
648,บช,ลำปาง,แจ้ห่ม,วิเชตนคร,11,320,207,28,15,70
649,บช,ลำปาง,แจ้ห่ม,วิเชตนคร,12,240,155,10,9,66
650,บช,ลำปาง,แจ้ห่ม,วิเชตนคร,2,680,470,52,17,141
651,บช,ลำปาง,แจ้ห่ม,วิเชตนคร,3,660,429,38,18,175
652,บช,ลำปาง,แจ้ห่ม,วิเชตนคร,4,520,378,17,12,113
653,บช,ลำปาง,แจ้ห่ม,วิเชตนคร,5,660,410,30,22,198
654,บช,ลำปาง,แจ้ห่ม,วิเชตนคร,6,580,397,21,15,147
655,บช,ลำปาง,แจ้ห่ม,วิเชตนคร,9,360,273,11,8,68
656,บช,ลำปาง,แจ้ห่ม,เมืองมาย,1,200,152,11,11,26
657,บช,ลำปาง,แจ้ห่ม,เมืองมาย,2,420,280,25,5,110
658,บช,ลำปาง,แจ้ห่ม,เมืองมาย,3,260,188,8,3,61
659,บช,ลำปาง,แจ้ห่ม,เมืองมาย,4,140,78,0,1,61
660,บช,ลำปาง,แจ้ห่ม,เมืองมาย,5,380,291,17,11,61
661,บช,ลำปาง,แจ้ห่ม,เมืองมาย,6,660,506,35,12,107
662,บช,ลำปาง,แจ้ห่ม,เมืองมาย,7,500,350,21,13,116
663,บช,ลำปาง,แจ้ห่ม,แจ้ห่ม(นอกเขต),1,140,80,4,3,53
664,บช,ลำปาง,แจ้ห่ม,แจ้ห่ม(นอกเขต),2,320,210,23,13,74
665,บช,ลำปาง,แจ้ห่ม,แจ้ห่ม(นอกเขต),3,440,279,13,11,137
666,บช,ลำปาง,แจ้ห่ม,แจ้ห่ม(นอกเขต),4,460,311,27,19,103
667,บช,ลำปาง,แจ้ห่ม,แจ้ห่ม(นอกเขต),5,480,326,25,15,114
668,บช,ลำปาง,แจ้ห่ม,แจ้ห่ม(นอกเขต),6,660,440,33,17,170
669,บช,ลำปาง,แจ้ห่ม,แจ้ห่ม(นอกเขต),7,400,270,11,17,102
670,บช,ลำปาง,แจ้ห่ม,แจ้ห่ม(นอกเขต),8,280,187,17,13,63
671,บช,ลำปาง,แจ้ห่ม,แจ้ห่ม(ในเขต),1,680,430,25,32,193
672,บช,ลำปาง,แจ้ห่ม,แจ้ห่ม(ในเขต),2,80,49,2,0,29
673,บช,ลำปาง,แจ้ห่ม,แจ้ห่ม(ในเขต),3,400,262,22,15,101
674,บช,ลำปาง,แจ้ห่ม,แจ้ห่ม(ในเขต),4,280,178,6,16,80
675,บช,ลำปาง,แจ้ห่ม,แจ้ห่ม(ในเขต),5,680,446,44,17,173
676,บช,ลำปาง,แจ้ห่ม,แจ้ห่ม(ในเขต),6,580,378,21,16,165
677,บช,ลำปาง,แจ้ห่ม,ทุ่งผึ้ง,1,520,382,22,15,101
678,บช,ลำปาง,แจ้ห่ม,ทุ่งผึ้ง,2,600,416,32,35,117
679,บช,ลำปาง,แจ้ห่ม,ทุ่งผึ้ง,3,400,274,22,7,97
680,บช,ลำปาง,แจ้ห่ม,ทุ่งผึ้ง,4,480,346,30,7,97
681,บช,ลำปาง,แจ้ห่ม,ทุ่งผึ้ง,5,280,205,16,6,53
682,บช,ลำปาง,แจ้ห่ม,ทุ่งผึ้ง,6,400,302,14,4,80
683,บช,ลำปาง,แจ้ห่ม,ทุ่งผึ้ง,7,300,210,11,3,76
684,บช,ลำปาง,แจ้ห่ม,ทุ่งผึ้ง,8,180,146,1,3,30
685,บช,ลำปาง,แจ้ห่ม,แม่สุก,1,360,241,22,7,90
686,บช,ลำปาง,แจ้ห่ม,แม่สุก,10,600,377,35,13,175
687,บช,ลำปาง,แจ้ห่ม,แม่สุก,11,440,263,38,7,132
688,บช,ลำปาง,แจ้ห่ม,แม่สุก,12,380,273,13,10,84
689,บช,ลำปาง,แจ้ห่ม,แม่สุก,2,620,-1,-1,-1,-1
690,บช,ลำปาง,แจ้ห่ม,แม่สุก,3,460,294,14,17,135
691,บช,ลำปาง,แจ้ห่ม,แม่สุก,4,500,260,31,21,188
692,บช,ลำปาง,แจ้ห่ม,แม่สุก,5,320,203,22,10,85
693,บช,ลำปาง,แจ้ห่ม,แม่สุก,6,520,361,36,3,120
694,บช,ลำปาง,แจ้ห่ม,แม่สุก,7,420,263,17,7,133
695,บช,ลำปาง,แจ้ห่ม,แม่สุก,8,400,215,20,3,162
696,บช,ลำปาง,แจ้ห่ม,แม่สุก,9,400,238,26,18,118
697,เขต,ลำปาง,นอกเขต,ชุดที่ 3,-1,700,621,30,49,-1
698,เขต,ลำปาง,งาว,บ้านร้อง,13,240,127,20,0,93
699,เขต,ลำปาง,งาว,บ้านอ้อน,7,360,217,13,10,120
700,เขต,ลำปาง,เมืองปาน,เมืองปาน,7,240,129,16,8,87
701,บช,ลำปาง,แจ้ห่ม,วิเชตนคร,7,340,224,4,16,96
702,บช,ลำปาง,แจ้ห่ม,วิเชตนคร,8,400,250,23,11,116
703,เขต,ลำปาง,งาว,ปงเตา,13,440,302,13,6,119
704,เขต,ลำปาง,เมืองลำปาง,บ้านเสด็จ,11,720,381,66,31,242
705,เขต,ลำปาง,แจ้ห่ม,วิเชตนคร,11,320,209,17,24,70
706,เขต,ลำปาง,แจ้ห่ม,บ้านสา,8,320,215,11,9,85
707,เขต,ลำปาง,งาว,หลวงเหนือ,3,560,325,13,19,203
708,เขต,ลำปาง,นอกเขต,ชุดที่ 5,-1,700,620,26,54,-1
709,เขต,ลำปาง,งาว,บ้านอ้อน,2,600,395,20,8,177
