,province,district,sub-district,unit_number,village,place,latitude,longitude
1,ลำปาง,งาว,นาแก,1,1,ศาลาเอนกประสงค์  บ้านทุ่งศาลา,,
2,ลำปาง,งาว,นาแก,2,2,ศาลาประชาคม วัดหนองเหียง,,
3,ลำปาง,งาว,นาแก,3,3,ศาลาวัดนาแก,,
4,ลำปาง,งาว,นาแก,4,4,ศาลากลางหมู่บ้าน บ้านแม่ฮ่าง,,
5,ลำปาง,งาว,นาแก,5,5,โรงเรียนแม่แป้นวิทยา,,
6,ลำปาง,งาว,นาแก,6,6,ศาลากลางหมู่บ้าน บ้านสันติสุข,,
7,ลำปาง,งาว,บ้านร้อง,1,1,ศาลากลางหมู่บ้าน บ้านนาแรม,,
8,ลำปาง,งาว,บ้านร้อง,2,2,ศาลากลางหมู่บ้าน บ้านร้อง,,
9,ลำปาง,งาว,บ้านร้อง,3,3,ศาลาวัดสบป๋อน,,
10,ลำปาง,งาว,บ้านร้อง,4,4,ศาลาประชาคมบ้านข่อย,,
11,ลำปาง,งาว,บ้านร้อง,5,5,ศาลาวัดบ้านผาแดง,,
12,ลำปาง,งาว,บ้านร้อง,6,6,ศาลากลางหมู่บ้าน บ้านปากบอก,,
13,ลำปาง,งาว,บ้านร้อง,7,7,ศาลาประชาคมหมู่บ้าน,,
14,ลำปาง,งาว,บ้านร้อง,8,8,โรงเรียนบ้านใหม่พัฒนา,,
15,ลำปาง,งาว,บ้านร้อง,9,9,ศาลากลางหมู่บ้าน บ้านท่าเจริญ,,
16,ลำปาง,งาว,บ้านร้อง,10,10,ศาลากลางหมู่บ้าน บ้านร้องพัฒนา,,
17,ลำปาง,งาว,บ้านร้อง,11,11,โรงเรียนบ้านข่อยมิตรภาพที่ 110 สาขาแม่งาว,,
18,ลำปาง,งาว,บ้านร้อง,12,12,ศาลากลางหมู่บ้าน บ้านชนแดน,,
19,ลำปาง,งาว,บ้านร้อง,13,13,โรงเรียนบ้านแม่งาวใต้ สาขาแม่คำหล้า,,
20,ลำปาง,งาว,บ้านหวด,1,1,ศาลากลางหมู่บ้านบ้านร่องต้า,,
21,ลำปาง,งาว,บ้านหวด,2,2,ศูนย์พัฒนาตำบลบ้านหวด,,
22,ลำปาง,งาว,บ้านหวด,3,3,โรงเรียนไทยรัฐวิทยา 85,,
23,ลำปาง,งาว,บ้านหวด,4,3,ศาลาวัดห้วยทาก,,
24,ลำปาง,งาว,บ้านหวด,5,4,ศาลาวัดปางหละ,,
25,ลำปาง,งาว,บ้านหวด,6,5,สำนักสงฆ์แม่พร้าว,,
26,ลำปาง,งาว,บ้านหวด,7,6,ศาลากลางหมู่บ้าน บ้านใหม่ธานี,,
27,ลำปาง,งาว,บ้านอ้อน,1,1,ศาลากลางหมู่บ้าน บ้านแม่กวัก,,
28,ลำปาง,งาว,บ้านอ้อน,2,2,ศาลากลางหมู่บ้าน บ้านอ้อนใต้,,
29,ลำปาง,งาว,บ้านอ้อน,3,3,ศาลากลางหมู่บ้าน บ้านอ้อนเหนือ,,
30,ลำปาง,งาว,บ้านอ้อน,4,4,โรงเรียนปงมะโอ,,
31,ลำปาง,งาว,บ้านอ้อน,5,5,ศาลาประชาคมบ้านห้วยหก,,
32,ลำปาง,งาว,บ้านอ้อน,6,6,โรงเรียนบ้านอ้อน สาขาหัวทุ่ง,,
33,ลำปาง,งาว,บ้านอ้อน,7,7,ศาลาวัดบ้านแม่กวัก,,
34,ลำปาง,งาว,บ้านอ้อน,8,8,โรงเรียนบ้านแม่กวัก สาขาขุนอ้อนพัฒนา,,
35,ลำปาง,งาว,บ้านแหง,1,1,ศาลากลางหมู่บ้าน บ้านแหงเหนือ,,
36,ลำปาง,งาว,บ้านแหง,2,2,ศาลาอเนกประสงค์วัดบุญยืน,,
37,ลำปาง,งาว,บ้านแหง,3,3,ศาลาวัดร่องเห็ด,,
38,ลำปาง,งาว,บ้านแหง,4,4,ศาลากลางหมู่บ้าน บ้านบ่อห้อ,,
39,ลำปาง,งาว,บ้านแหง,5,4,ศาลาวัดศรีบุญเรือง,,
40,ลำปาง,งาว,บ้านแหง,6,5,ศาลาประชาคม บ้านแม่งอน,,
41,ลำปาง,งาว,บ้านแหง,7,6,ศาลาประชาคม บ้านทุ่งโป่ง,,
42,ลำปาง,งาว,บ้านแหง,8,7,ศาลาหน้าวัดแหงเหนือ,,
43,ลำปาง,งาว,บ้านแหง,9,8,ศาลาสำนักสงฆ์ใหม่สามัคคี,,
44,ลำปาง,งาว,บ้านโป่ง,1,1,ศาลากลางหมู่บ้าน บ้านสบเอิม,,
45,ลำปาง,งาว,บ้านโป่ง,2,2,ศาลากลางหมู่บ้าน SML,,
46,ลำปาง,งาว,บ้านโป่ง,3,3,ศาลากลางหมู่บ้าน บ้านสบพลึง,,
47,ลำปาง,งาว,บ้านโป่ง,4,4,ศาลาโป่งหนองบัว,,
48,ลำปาง,งาว,บ้านโป่ง,5,5,ศาลากลางหมู่บ้าน บ้านเป๊าะ,,
49,ลำปาง,งาว,บ้านโป่ง,6,6,ศาลากลางหมู่บ้าน บ้านเหล่า,,
50,ลำปาง,งาว,บ้านโป่ง,7,7,ศาลากลางหมู่บ้าน บ้านหาดเชี่ยว,,
51,ลำปาง,งาว,บ้านโป่ง,8,8,ศาลากลางหมู่บ้าน บ้านต้นมื่น,,
52,ลำปาง,งาว,บ้านโป่ง,9,9,ศาลาอเนกประสงค์ หมู่ที่ 9,,
53,ลำปาง,งาว,บ้านโป่ง,10,10,ศาลาวัดบ้านเป๊าะ,,
54,ลำปาง,งาว,บ้านโป่ง,11,11,ศาลากลางหมู่บ้าน บ้านสันโค้งพัฒนา,,
55,ลำปาง,งาว,บ้านโป่ง,12,12,ศาลากลางหมู่บ้าน บ้านโป่งแก้ว,,
56,ลำปาง,งาว,ปงเตา,1,1,ศาลากลางหมู่บ้าน บ้านปงเตา,,
57,ลำปาง,งาว,ปงเตา,2,2,หอประชุมประจำหมู่บ้าน บ้านห้วยอูน,,
58,ลำปาง,งาว,ปงเตา,3,3,สำนักสงฆ์พร้าวใหม่,,
59,ลำปาง,งาว,ปงเตา,4,4,ศาลากลางหมู่บ้าน บ้านปันเหนือ,,
60,ลำปาง,งาว,ปงเตา,5,5,ศาลาวัดปันใต้,,
61,ลำปาง,งาว,ปงเตา,6,6,โรงเรียนบ่อสี่เหลี่ยม,,
62,ลำปาง,งาว,ปงเตา,7,7,ศาลากลางหมู่บ้าน บ้านขุนแหง,,
63,ลำปาง,งาว,ปงเตา,8,8,ศาลากลางหมู่บ้าน บ้านหัวทุ่ง,,
64,ลำปาง,งาว,ปงเตา,9,9,ศาลากลางหมู่บ้าน บ้านปันพัฒนา,,
65,ลำปาง,งาว,ปงเตา,10,10,ศาลาหลางหมู่บ้าน บ้านห้วยน้ำตื้น,,
66,ลำปาง,งาว,ปงเตา,11,11,ศาลากลางหมู่บ้าน บ้านสามเหลี่ยม,,
67,ลำปาง,งาว,ปงเตา,12,12,ศาลากลางหมู่บ้าน บ้านปงเตา,,
68,ลำปาง,งาว,ปงเตา,13,13,ศาลากลางหมู่บ้าน พร้าวใหม่พัฒนา,,
69,ลำปาง,งาว,หลวงเหนือ,1,1,ศาลาวัดสบแหง,,
70,ลำปาง,งาว,หลวงเหนือ,2,2,ศาลาวัดดอกป้าน,,
71,ลำปาง,งาว,หลวงเหนือ,3,3,ศาลาวัดหลวง,,
72,ลำปาง,งาว,หลวงเหนือ,4,4,ศาลาวัดต้นต้อง,,
73,ลำปาง,งาว,หลวงเหนือ,5,4,ศาลาอเนกประสงค์หนองเต่า,,
74,ลำปาง,งาว,หลวงเหนือ,6,5,ศาลาวัดศรีมุงเมือง,,
75,ลำปาง,งาว,หลวงเหนือ,7,6,ศาลาวัดทุ่งโป้ศรัทธาราม,,
76,ลำปาง,งาว,หลวงใต้,1,1,ศาลากลางหมู่บ้าน บ้านน้ำจำ,,
77,ลำปาง,งาว,หลวงใต้,2,2,ศาลาอเนกประสงค์บ้านทุ่ง,,
78,ลำปาง,งาว,หลวงใต้,3,3,ศาลาวัดน้ำล้อม,,
79,ลำปาง,งาว,หลวงใต้,4,4,ศาลาวัดปงคก,,
80,ลำปาง,งาว,หลวงใต้,5,5,ศาลาวัดทุ่งสุ่ม,,
81,ลำปาง,งาว,หลวงใต้,6,6,ศาลาวัดวังควาย,,
82,ลำปาง,งาว,หลวงใต้,7,7,ศาลากลางหมู่บ้าน บ้านดง,,
83,ลำปาง,งาว,หลวงใต้,8,8,ศาลากลางหมู่บ้าน บ้านใหม่เจริญสุข,,
84,ลำปาง,งาว,แม่ตีบ,1,1,โรงเรียนบ้านทุ่ง,,
85,ลำปาง,งาว,แม่ตีบ,2,1,ศาลาวัดดอกคำใต้,,
86,ลำปาง,งาว,แม่ตีบ,3,2,ศาลากลางหมู่บ้าน บ้านแม่ตีบหลวง,,
87,ลำปาง,งาว,แม่ตีบ,4,2,ศาลาวัดแม่ตีบหลวง,,
88,ลำปาง,งาว,แม่ตีบ,5,3,โรงเรียนบ้านแม่ตีบ,,
89,ลำปาง,งาว,แม่ตีบ,6,4,โรงเรียนบ้านงิ้วงาม,,
90,ลำปาง,งาว,แม่ตีบ,7,5,ศาลาอเนกประสงค์บ้านแม่งาว,,
91,ลำปาง,วังเหนือ,ทุ่งฮั้ว,1,1,อาคารศาลาประชาคมหมู่บ้านบ้านทุ่งปี้ หมู่ที่ 1,,
92,ลำปาง,วังเหนือ,ทุ่งฮั้ว,2,2,อาคารอเนกประสงค์วัดแม่ทรายเงิน หมู่ที่ 2,,
93,ลำปาง,วังเหนือ,ทุ่งฮั้ว,3,3,อาคารอเนกประสงค์บ้านผาดิน หมู่ที่ 3,,
94,ลำปาง,วังเหนือ,ทุ่งฮั้ว,4,4,อาคารอเนกประสงค์บ้านทุ่งฮั้ว หมู่ที่ 4,,
95,ลำปาง,วังเหนือ,ทุ่งฮั้ว,5,5,โรงเรียนบ้านวังมน หมู่ที่ 5,,
96,ลำปาง,วังเหนือ,ทุ่งฮั้ว,6,6,อาคารอเนกประสงค์บ้านผาแดง หมู่ที่ 6,,
97,ลำปาง,วังเหนือ,ทุ่งฮั้ว,7,7,ศาลาการเปรียญวัดห้วยกันทา หมู่ที่ 7,,
98,ลำปาง,วังเหนือ,ทุ่งฮั้ว,8,8,อาคารอเนกประสงค์บ้านแม่เลียบ หมู่ที่ 8,,
99,ลำปาง,วังเหนือ,ทุ่งฮั้ว,9,9,อาคารอเนกประสงค์บ้านบนทุ่ง หมู่ที่ 9,,
100,ลำปาง,วังเหนือ,ทุ่งฮั้ว,10,10,อาคารอเนกประสงค์บ้านป่าบง -ฮ่องไฮ หมู่ที่10,,
101,ลำปาง,วังเหนือ,ทุ่งฮั้ว,11,11,อาคารอเนกประสงค์บ้านทุ่งฮั้วพัฒนา หมู่ที่ 11,,
102,ลำปาง,วังเหนือ,ทุ่งฮั้ว,12,12,อาคารอเนกประสงค์บ้านทุ่งวังทอง หมู่ที่ 12,,
103,ลำปาง,วังเหนือ,บ้านใหม่,1,1,อาคารชมรมผู้สูงอายุบ้านทัพป่าเส้า หมู่ที่ 1 บ้านทัพป่าเส้า,,
104,ลำปาง,วังเหนือ,บ้านใหม่,2,2,อาคารอเนกประสงค์บ้านใหม่พัฒนา หมู่ที่ 2 บ้านใหม่พัฒนา,,
105,ลำปาง,วังเหนือ,บ้านใหม่,3,6,หอประชุมโรงเรียนชุมชนบ้านใหม่  หมู่ที่ 6 บ้านใหม่,,
106,ลำปาง,วังเหนือ,บ้านใหม่,4,6,อาคารรวมใจผู้สูงอายุบ้านใหม่ หมู่ที่ 6 บ้านใหม่,,
107,ลำปาง,วังเหนือ,ร่องเคาะ,1,1,อาคารอเนกประสงค์บ้านผาช่อ หมู่ที่ 1,,
108,ลำปาง,วังเหนือ,ร่องเคาะ,2,2,อาคารอเนกประสงค์บ้านห้วยก้อด หมู่ที่ 2,,
109,ลำปาง,วังเหนือ,ร่องเคาะ,3,3,โรงเรียนบ้านป่าคา หมู่ที่ 3,,
110,ลำปาง,วังเหนือ,ร่องเคาะ,4,4,ศาลาการเปรียญวัดทุ่งฝูง หมู่ที่ 4,,
111,ลำปาง,วังเหนือ,ร่องเคาะ,5,5,อาคารอเนกประสงค์บ้านแม่ลืน หมู่ที่ 5,,
112,ลำปาง,วังเหนือ,ร่องเคาะ,6,6,อาคารอเนกประสงค์บ้านแม่สงเหนือ หมู่ที่ 6,,
113,ลำปาง,วังเหนือ,ร่องเคาะ,7,7,ศาลาการเปรียญวัดสบลืน หมู่ที่ 7,,
114,ลำปาง,วังเหนือ,ร่องเคาะ,8,8,อาคารอเนกประสงค์บ้านดอนแก้ว หมู่ที่ 8,,
115,ลำปาง,วังเหนือ,ร่องเคาะ,9,9,อาคารอเนกประสงค์บ้านร่องเคาะ หมู่ที่ 9,,
116,ลำปาง,วังเหนือ,ร่องเคาะ,10,10,ศาลาการเปรียญวัดแม่สงใต้ หมู่ที่ 10,,
117,ลำปาง,วังเหนือ,ร่องเคาะ,11,11,อาคารอเนกประสงค์บ้านแสนตอ หมู่ที่ 11,,
118,ลำปาง,วังเหนือ,ร่องเคาะ,12,12,หอประชุมประจำหมู่บ้านบ้านวังใหม่ หมู่ที่ 12,,
119,ลำปาง,วังเหนือ,ร่องเคาะ,13,12,หอประชุมหมู่บ้าน (หลังใหม่) บ้านวังใหม่ หมู่ที่ 12,,
120,ลำปาง,วังเหนือ,ร่องเคาะ,14,13,อาคารกองทุนหมู่บ้านบ้านทุ่งตุ้น หมู่ที่ 13,,
121,ลำปาง,วังเหนือ,ร่องเคาะ,15,14,อาคารอเนกประสงค์บ้านห้วยน้ำ หมู่ที่ 14,,
122,ลำปาง,วังเหนือ,ร่องเคาะ,16,15,อาคารศูนย์ฝึกอาชีพสตรีบ้านจำตอง หมู่ที่ 15,,
123,ลำปาง,วังเหนือ,ร่องเคาะ,17,16,อาคารอเนกประสงค์บ้านต้นผึ้ง หมู่ที่ 16,,
124,ลำปาง,วังเหนือ,ร่องเคาะ,18,17,อาคารอเนกประสงค์บ้านวังนิตร หมู่ที่ 17,,
125,ลำปาง,วังเหนือ,วังซ้าย,1,1,อาคารอเนกประสงค์บ้านแม่ม่า หมู่ที่ 1,,
126,ลำปาง,วังเหนือ,วังซ้าย,2,2,อาคารอเนกประสงค์บ้านใหม่หล่ายท่า หมู่ที่ 2,,
127,ลำปาง,วังเหนือ,วังซ้าย,3,3,อาคารอเนกประสงค์บ้านหัวทุ่ง หมู่ที่ 3,,
128,ลำปาง,วังเหนือ,วังซ้าย,4,4,อาคารอเนกประสงค์บ้านแม่สุกใน หมู่ที่ 4,,
129,ลำปาง,วังเหนือ,วังซ้าย,5,5,อาคารอเนกประสงค์บ้านป่าแขม หมู่ที่ 5,,
130,ลำปาง,วังเหนือ,วังซ้าย,6,6,อาคารอเนกประสงค์บ้านน้ำหลง หมู่ที่ 6,,
131,ลำปาง,วังเหนือ,วังซ้าย,7,7,อาคารอเนกประสงค์บ้านแม่สุขวังเหนือ  หมู่ที่ 7,,
132,ลำปาง,วังเหนือ,วังซ้าย,8,8,อาคารอเนกประสงค์บ้านแม่สุขวังเหนือ หมู่ที่ 8,,
133,ลำปาง,วังเหนือ,วังซ้าย,9,9,อาคารที่ทำการกองทุนหมู่บ้าน บ้านแม่สุขป่าสัก หมู่ที่ 9,,
134,ลำปาง,วังเหนือ,วังซ้าย,10,10,อาคารอเนกประสงค์บ้านสบม่า หมู่ที่ 10,,
135,ลำปาง,วังเหนือ,วังทรายคำ,1,1,อาคารอเนกประสงค์บ้านทุ่งฮี หมู่ที่ 1,,
136,ลำปาง,วังเหนือ,วังทรายคำ,2,2,อาคารอเนกประสงค์บ้านดง หมู่ที่ 2,,
137,ลำปาง,วังเหนือ,วังทรายคำ,3,3,อาคารอเนกประสงค์บ้านปงวัง หมู่ที่ 3,,
138,ลำปาง,วังเหนือ,วังทรายคำ,4,4,อาคารอเนกประสงค์บ้านต้นฮ่าง หมู่ที่ 4,,
139,ลำปาง,วังเหนือ,วังทรายคำ,5,5,อาคารอเนกประสงค์บ้านป่าฝาง หมู่ที่ 5,,
140,ลำปาง,วังเหนือ,วังทรายคำ,6,6,โรงเรียนบ้านก่อ หมู่ที่ 6,,
141,ลำปาง,วังเหนือ,วังทรายคำ,7,7,อาคารอเนกประสงค์บ้านป่าสัก หมู่ที่ 7,,
142,ลำปาง,วังเหนือ,วังทรายคำ,8,8,ศาลาการเปรียญวัดทุ่งห้า หมู่ที่ 8,,
143,ลำปาง,วังเหนือ,วังทรายคำ,9,9,อาคารอเนกประสงค์บ้านทุ่งพัฒนา หมู่ที่ 9,,
144,ลำปาง,วังเหนือ,วังทอง,1,1,อาคารอเนกประสงค์บ้านตึงใต้ หมู่ที่ 1,,
145,ลำปาง,วังเหนือ,วังทอง,2,2,โรงเรียนวังทองวิทยา หมู่ที่ 2,,
146,ลำปาง,วังเหนือ,วังทอง,3,3,ศาลาการเปรียญวัดปงถ้ำ หมู่ที่ 3,,
147,ลำปาง,วังเหนือ,วังทอง,4,4,อาคารอเนกประสงค์บ้านแม่เย็น หมู่ที่ 4,,
148,ลำปาง,วังเหนือ,วังทอง,5,5,อาคารอเนกประสงค์บ้านป่าลัน หมู่ที่ 5,,
149,ลำปาง,วังเหนือ,วังทอง,6,6,อาคารอเนกประสงค์บ้านสารภี หมู่ที่ 6,,
150,ลำปาง,วังเหนือ,วังทอง,7,7,เต้นท์ชั่วคราวที่ทำการองค์การบริหารส่วนตำบลวังทอง หมู่ที่ 7,,
151,ลำปาง,วังเหนือ,วังทอง,8,8,อาคารอเนกประสงค์บ้านเมืองทอง หมู่ที่ 8,,
152,ลำปาง,วังเหนือ,วังทอง,9,9,อาคารอเนกประสงค์บ้านร่มโพธิ์ทอง หมู่ที่ 9,,
153,ลำปาง,วังเหนือ,วังเหนือ,1,1,อาคารชมรมผู้สูงอายุบ้านทัพป่าเส้า หมู่ที่ 1 บ้านทัพป่าเส้า,,
154,ลำปาง,วังเหนือ,วังเหนือ,2,3,อาคารอเนกประสงค์บ้านใหม่พัฒนา หมู่ที่ 2 บ้านใหม่พัฒนา,,
155,ลำปาง,วังเหนือ,วังเหนือ,3,4,หอประชุมโรงเรียนชุมชนบ้านใหม่  หมู่ที่ 6 บ้านใหม่,,
156,ลำปาง,วังเหนือ,วังเหนือ,4,4,อาคารรวมใจผู้สูงอายุบ้านใหม่ หมู่ที่ 6 บ้านใหม่,,
157,ลำปาง,วังเหนือ,วังเหนือ,5,5,อาคารอเนกประสงค์บ้านแพะใต้ หมู่ 5,,
158,ลำปาง,วังเหนือ,วังเหนือ,6,7,อาคารอเนกประสงค์บ้านแม่เฮียว หมู่ 7,,
159,ลำปาง,วังเหนือ,วังเหนือ,7,8,อาคารอเนกประสงค์บ้านป่าเหียง หมู่ 8,,
160,ลำปาง,วังเหนือ,วังเหนือ,8,9,ศาลาการเปรียญวัดขันหอม บ้านขันหอม หมู่ 9,,
161,ลำปาง,วังเหนือ,วังแก้ว,1,1,ศาลาประชาคมหน้าวัดแม่หีด หมู่ที่ 1,,
162,ลำปาง,วังเหนือ,วังแก้ว,2,2,ศาลาการเปรียญวัดบ้านฮ่าง หมู่ที่ 2,,
163,ลำปาง,วังเหนือ,วังแก้ว,3,3,อาคาร SML บ้านป่าแหน่ง หมู่ที่ 3,,
164,ลำปาง,วังเหนือ,วังแก้ว,4,4,ศาลาการเปรียญวัดค่ายวัง หมู่ที่ 4,,
165,ลำปาง,วังเหนือ,วังแก้ว,5,5,อาคารอเนกประสงค์บ้านฮ่างวังแก้ว หมู่ที่ 5,,
166,ลำปาง,วังเหนือ,วังแก้ว,6,6,อาคารกองทุนหมู่บ้านห้วยป้าย หมู่ที่ 6,,
167,ลำปาง,วังเหนือ,วังแก้ว,7,7,อาคารอเนกประสงค์ประจำหมู่บ้าน หมู่ที่ 7,,
168,ลำปาง,วังเหนือ,วังใต้,1,1,ศาลาการเปรียญวัดบ้านกวาง หมู่ที่ 1,,
169,ลำปาง,วังเหนือ,วังใต้,2,2,อาคารอเนกประสงค์บ้านวังโป่ง หมู่ที่ 2,,
170,ลำปาง,วังเหนือ,วังใต้,3,3,อาคารอเนกประสงค์บ้านไผ่กลาง หมู่ที่ 3,,
171,ลำปาง,วังเหนือ,วังใต้,4,4,อาคารอเนกประสงค์บ้านแม่โป่ง หมู่ที่ 4,,
172,ลำปาง,วังเหนือ,วังใต้,5,5,โรงเรียนบ้านแม่พริก หมู่ที่ 5,,
173,ลำปาง,วังเหนือ,วังใต้,6,6,อาคารอเนกประสงค์บ้านหมุ้น หมู่ที่ 6,,
174,ลำปาง,วังเหนือ,วังใต้,7,7,อาคารอเนกประสงค์บ้านโปร่งเจริญ หมู่ที่ 7,,
175,ลำปาง,เมืองปาน,ทุ่งกว๋าว,1,1,ศูนย์เรียนรู้โรงเรียนบ้านถ้ำ,,
176,ลำปาง,เมืองปาน,ทุ่งกว๋าว,2,2,อาคารอเนกประสงค์หมู่บ้าน,,
177,ลำปาง,เมืองปาน,ทุ่งกว๋าว,3,3,อาคารอเนกประสงค์ประจำหมู่บ้าน,,
178,ลำปาง,เมืองปาน,ทุ่งกว๋าว,4,4,หอประชุมโรงเรียนบ้านจ๋ง,,
179,ลำปาง,เมืองปาน,ทุ่งกว๋าว,5,5,ศาลาอเนกประสงค์ประจำหมู่บ้าน,,
180,ลำปาง,เมืองปาน,ทุ่งกว๋าว,6,5,ศาลาวัดทุ่งกว๋าว,,
181,ลำปาง,เมืองปาน,ทุ่งกว๋าว,7,6,ศาลาวัดทุ่งปง,,
182,ลำปาง,เมืองปาน,ทุ่งกว๋าว,8,7,ศาลาวัดปลายนาหลวง,,
183,ลำปาง,เมืองปาน,ทุ่งกว๋าว,9,8,ศาลาหอประชุมหมู่บ้าน,,
184,ลำปาง,เมืองปาน,ทุ่งกว๋าว,10,9,โรงเรียนบ้านปลายนาเฮี้ย,,
185,ลำปาง,เมืองปาน,ทุ่งกว๋าว,11,9,ศาลาวัดบ้านปลายนาเฮี้ย,,
186,ลำปาง,เมืองปาน,ทุ่งกว๋าว,12,10,หอประชุมประจำหมู่บ้าน,,
187,ลำปาง,เมืองปาน,ทุ่งกว๋าว,13,11,ศาลาหอประชุมประจำหมู่บ้าน,,
188,ลำปาง,เมืองปาน,ทุ่งกว๋าว,14,12,ศาลาอเนกประสงค์ประจำหมู่บ้าน,,
189,ลำปาง,เมืองปาน,ทุ่งกว๋าว,15,13,ศาลาอเนกประสงค์วัดบ้านถ้ำหลวง,,
190,ลำปาง,เมืองปาน,ทุ่งกว๋าว,16,14,ศาลาโรงทอผ้า,,
191,ลำปาง,เมืองปาน,บ้านขอ,1,1,ศาลาวัดทุ่งส้าน,,
192,ลำปาง,เมืองปาน,บ้านขอ,2,2,หอประชุมประจำหมู่บ้าน,,
193,ลำปาง,เมืองปาน,บ้านขอ,3,3,ศาลาประชาคมหน้าวัดบ้านป่าเหว,,
194,ลำปาง,เมืองปาน,บ้านขอ,4,3,ศาลาวัดบ้านทุ่งบอน (ป่าเหว),,
195,ลำปาง,เมืองปาน,บ้านขอ,5,4,หอประชุมประจะหมู่บ้าน,,
196,ลำปาง,เมืองปาน,บ้านขอ,6,5,หอประชุมประจำหมู่บ้าน,,
197,ลำปาง,เมืองปาน,บ้านขอ,7,6,โรงเรียนบ้านแม่กองปิน,,
198,ลำปาง,เมืองปาน,บ้านขอ,8,7,โรงเรียนบ้านปางดะ,,
199,ลำปาง,เมืองปาน,บ้านขอ,9,8,ศาลาวัดม่วงหลวง,,
200,ลำปาง,เมืองปาน,บ้านขอ,10,9,โรงเรียนบ้านขอวิทยา,,
201,ลำปาง,เมืองปาน,บ้านขอ,11,10,ศาลาอเนกประสงค์ประจำหมู่บ้าน,,
202,ลำปาง,เมืองปาน,บ้านขอ,12,11,ศาลาประชาคมบ้านทุ่งบอม,,
203,ลำปาง,เมืองปาน,บ้านขอ,13,12,ศาลาวัดบ้านกลาง,,
204,ลำปาง,เมืองปาน,บ้านขอ,14,13,ศาลาประชาคมประจำหมู่บ้าน,,
205,ลำปาง,เมืองปาน,หัวเมือง,1,1,โรงเรียนบ้านขาม,,
206,ลำปาง,เมืองปาน,หัวเมือง,2,2,โรงเรียนบ้านกล้วย,,
207,ลำปาง,เมืองปาน,หัวเมือง,3,3,ศาลาประชาคมหมู่บ้าน,,
208,ลำปาง,เมืองปาน,หัวเมือง,4,4,วัดบ้านไร่ใต้,,
209,ลำปาง,เมืองปาน,หัวเมือง,5,5,อาคารอเนกประสงค์ประจำหมู่บ้าน,,
210,ลำปาง,เมืองปาน,หัวเมือง,6,6,ศาลาประชาคมประจำหมู่บ้าน,,
211,ลำปาง,เมืองปาน,หัวเมือง,7,7,ศาลาประชาคมหมู่บ้าน,,
212,ลำปาง,เมืองปาน,หัวเมือง,8,8,ศูนย์การเรียนรู้ชุมชนชาวไทยภูเขาแม่ฟ้าหลวง,,
213,ลำปาง,เมืองปาน,หัวเมือง,9,9,ศาลาประชาคมประจำหมู่บ้าน,,
214,ลำปาง,เมืองปาน,เมืองปาน,1,1,อาคารอเนกประสงค์โรงเรียนบ้านทุ่งโป่ง,,
215,ลำปาง,เมืองปาน,เมืองปาน,2,2,ศาลาวัดบ้านดอนแก้ว,,
216,ลำปาง,เมืองปาน,เมืองปาน,3,2,อาคารโรงเรียนบ้านดอนแก้ว,,
217,ลำปาง,เมืองปาน,เมืองปาน,4,3,อาคารอเนกประสงค์บ้านหล่ายทุ่ง,,
218,ลำปาง,เมืองปาน,เมืองปาน,5,4,ศาลาวัดบ้านแพะ,,
219,ลำปาง,เมืองปาน,เมืองปาน,6,4,โรงเรียนบ้านแพะ,,
220,ลำปาง,เมืองปาน,เมืองปาน,7,4,ศาลาอเนกประสงค์ประจำหมู่บ้าน,,
221,ลำปาง,เมืองปาน,เมืองปาน,8,5,ศาลาวัดดอนไชย,,
222,ลำปาง,เมืองปาน,เมืองปาน,9,6,ศาลา SML วัดสบปาน,,
223,ลำปาง,เมืองปาน,เมืองปาน,10,7,ศาลาวัดน้ำโจ้,,
224,ลำปาง,เมืองปาน,เมืองปาน,11,9,ศาลาวัดหลวงเมืองปาน,,
225,ลำปาง,เมืองปาน,แจ้ซ้อน,1,1,โรงเรียนบ้านแม่แจ๋ม,,
226,ลำปาง,เมืองปาน,แจ้ซ้อน,2,2,ศาลาหอประชุมหมู่บ้าน,,
227,ลำปาง,เมืองปาน,แจ้ซ้อน,3,3,ศาลาประชาคมบ้านดินดำ,,
228,ลำปาง,เมืองปาน,แจ้ซ้อน,4,4,ศาลาวัดบ้านทุ่ง,,
229,ลำปาง,เมืองปาน,แจ้ซ้อน,5,5,หอประชุมหมู่บ้าน,,
230,ลำปาง,เมืองปาน,แจ้ซ้อน,6,6,ศาลาวัดบ้านสบลี,,
231,ลำปาง,เมืองปาน,แจ้ซ้อน,7,7,ศาลาอเนกประสงค์หมู่บ้าน,,
232,ลำปาง,เมืองปาน,แจ้ซ้อน,8,8,โรงเรียนบ้านใหม่พัฒนา,,
233,ลำปาง,เมืองปาน,แจ้ซ้อน,9,9,ศาลาประชาคมบ้านข่วงกอม,,
234,ลำปาง,เมืองปาน,แจ้ซ้อน,10,10,ศาลาวัดปางต้นหนุน,,
235,ลำปาง,เมืองปาน,แจ้ซ้อน,11,11,ศาลาประชาคมบ้านแจ้ซ้อนเหนือ,,
236,ลำปาง,เมืองปาน,แจ้ซ้อน,12,11,หอประชุมโรงเรียนแจ้ซ้อนวิทยา,,
237,ลำปาง,เมืองปาน,แจ้ซ้อน,13,12,ศาลาหน้าวัดศรีหลวงแจ้ซ้อน,,
238,ลำปาง,เมืองปาน,แจ้ซ้อน,14,14,อาคารสหกรณ์การเกษตรบ้านปางม่วง,,
239,ลำปาง,เมืองปาน,แจ้ซ้อน,15,14,โบสถ์แม่แวน,,
240,ลำปาง,เมืองลำปาง,บ้านเสด็จ,1,1,ศาลาอเนกประสงค์บ้านทรายมูล 1,,
241,ลำปาง,เมืองลำปาง,บ้านเสด็จ,2,2,โรงเรียนบ้านจำค่า,,
242,ลำปาง,เมืองลำปาง,บ้านเสด็จ,3,3,อาคารอเนกประสงค์ประจำหมู่บ้าน,,
243,ลำปาง,เมืองลำปาง,บ้านเสด็จ,4,3,รพ.สต.บ้านทรายทอง,,
244,ลำปาง,เมืองลำปาง,บ้านเสด็จ,5,4,วัดปงอ้อม,,
245,ลำปาง,เมืองลำปาง,บ้านเสด็จ,6,5,ศาลาอเนกประสงค์ประจำหมู่บ้าน,,
246,ลำปาง,เมืองลำปาง,บ้านเสด็จ,7,6,ศาลาอเนกประสงค์ประจำหมู่บ้าน,,
247,ลำปาง,เมืองลำปาง,บ้านเสด็จ,8,7,ศาลาอเนกประสงค์ประจำหมู่บ้าน,,
248,ลำปาง,เมืองลำปาง,บ้านเสด็จ,9,8,ศาลาอเนกประสงค์ประจำหมู่บ้าน,,
249,ลำปาง,เมืองลำปาง,บ้านเสด็จ,10,9,ศาลาอเนกประสงค์ SML,,
250,ลำปาง,เมืองลำปาง,บ้านเสด็จ,11,10,ศาลาอเนกประสงค์ประจำหมู่บ้าน,,
251,ลำปาง,เมืองลำปาง,บ้านเสด็จ,12,10,ศาลาอเนกประสงค์วัดทรายเหนือ,,
252,ลำปาง,เมืองลำปาง,บ้านเสด็จ,13,11,โรงเรียนวัดเสด็จ,,
253,ลำปาง,เมืองลำปาง,บ้านเสด็จ,14,12,ศาลาประชาคม,,
254,ลำปาง,เมืองลำปาง,บ้านเสด็จ,15,13,วัดทรายมูล,,
255,ลำปาง,เมืองลำปาง,บ้านเสด็จ,16,14,ศาลาอเนกประสงค์ประจำหมู่บ้าน,,
256,ลำปาง,เมืองลำปาง,บ้านเสด็จ,17,15,ศาลาอเนกประสงค์ประจำหมู่บ้าน,,
257,ลำปาง,เมืองลำปาง,บ้านเสด็จ,18,16,สำนักสงฆ์ห้วยเดื่อ,,
258,ลำปาง,เมืองลำปาง,บ้านเสด็จ,19,17,วัดพระธาตุเสด็จ (ศาลาด้านใต้),,
259,ลำปาง,เมืองลำปาง,บ้านแลง,1,1,ศาลาอเนกประสงค์ประจำหมู่บ้าน,,
260,ลำปาง,เมืองลำปาง,บ้านแลง,2,2,ศาลาอเนกประสงค์ประจำหมู่บ้านบ้านสบมาย,,
261,ลำปาง,เมืองลำปาง,บ้านแลง,3,3,ศาลาอเนกประสงค์ประจำหมู่บ้าน,,
262,ลำปาง,เมืองลำปาง,บ้านแลง,4,4,ศาลาวัดแม่อาง,,
263,ลำปาง,เมืองลำปาง,บ้านแลง,5,5,ศาลาอเนกประสงค์โรงเรียนบ้านดง (เดิม),,
264,ลำปาง,เมืองลำปาง,บ้านแลง,6,6,ศาลาอเนกประสงค์วัดแตะพุทธราม,,
265,ลำปาง,เมืองลำปาง,บ้านแลง,7,7,ศาลาอเนกประสงค์ประจำหมู่บ้าน,,
266,ลำปาง,เมืองลำปาง,บ้านแลง,8,8,ศาลาอเนกประสงค์บ้านแม่อางน้ำล้อม,,
267,ลำปาง,เมืองลำปาง,บ้านแลง,9,9,ศาลาอเนกประสงค์ประจำหมู่บ้าน,,
268,ลำปาง,เมืองลำปาง,บ้านแลง,10,10,ศาลาอเนกประสงค์ประจำหมู่บ้าน,,
269,ลำปาง,เมืองลำปาง,บ้านแลง,11,11,ศาลาอเนกประสงค์ประจำหมู่บ้าน,,
270,ลำปาง,เมืองลำปาง,บ้านแลง,12,12,ศาลาอเนกประสงค์ประจำหมู่บ้าน,,
271,ลำปาง,แจ้ห่ม,ทุ่งผึ้ง,1,1,หอประชุมหน้าวัดทุ่งฮ้าง,,
272,ลำปาง,แจ้ห่ม,ทุ่งผึ้ง,2,2,ศาลาอเนกประสงค์ประจำหมู่บ้าน,,
273,ลำปาง,แจ้ห่ม,ทุ่งผึ้ง,3,3,ศาลาตลาดสด SML,,
274,ลำปาง,แจ้ห่ม,ทุ่งผึ้ง,4,4,ศาลาอเนกประสงค์ประจำหมู่บ้าน,,
275,ลำปาง,แจ้ห่ม,ทุ่งผึ้ง,5,5,ห้องประชุมโรงเรียนบ้านช่อฟ้า,,
276,ลำปาง,แจ้ห่ม,ทุ่งผึ้ง,6,6,ศาลาการเปรียญวัดแจ้คอน,,
277,ลำปาง,แจ้ห่ม,ทุ่งผึ้ง,7,7,ศาลาอเนกประสงค์บ้านใหม่สามัคคี,,
278,ลำปาง,แจ้ห่ม,ทุ่งผึ้ง,8,8,ศาลาอเนกประสงค์ประจำหมู่บ้าน,,
279,ลำปาง,แจ้ห่ม,บ้านสา,1,1,ศาลาอเนกประสงค์ประจำหมู่บ้าน,,
280,ลำปาง,แจ้ห่ม,บ้านสา,2,2,ศาลาอเนกประสงค์ประจำหมู่บ้าน,,
281,ลำปาง,แจ้ห่ม,บ้านสา,3,3,ศาลาอเนกประสงค์ประจำหมู่บ้าน,,
282,ลำปาง,แจ้ห่ม,บ้านสา,4,4,ศาลาอเนกประสงค์ประจำหมู่บ้าน,,
283,ลำปาง,แจ้ห่ม,บ้านสา,5,5,อาคารอเนกประสงค์ประจำหมู่บ้าน,,
284,ลำปาง,แจ้ห่ม,บ้านสา,6,6,ศาลาอเนกประสงค์ประจำหมู่บ้าน,,
285,ลำปาง,แจ้ห่ม,บ้านสา,7,7,ศาลาอเนกประสงค์ประจำหมู่บ้าน,,
286,ลำปาง,แจ้ห่ม,บ้านสา,8,8,ศาลาอเนกประสงค์ประจำหมู่บ้าน,,
287,ลำปาง,แจ้ห่ม,บ้านสา,9,9,ศาลาอเนกประสงค์ประจำหมู่บ้าน,,
288,ลำปาง,แจ้ห่ม,บ้านสา,10,10,ศาลาอเนกประสงค์ประจำหมู่บ้าน,,
289,ลำปาง,แจ้ห่ม,ปงดอน,1,1,โรงอาหารโรงเรียนบ้านแม่ตา,,
290,ลำปาง,แจ้ห่ม,ปงดอน,2,1,ใต้อาคารเรียนโรงเรียนบ้านแม่ตา,,
291,ลำปาง,แจ้ห่ม,ปงดอน,3,2,ศาลาอเนกประสงค์ประจำหมู่บ้าน,,
292,ลำปาง,แจ้ห่ม,ปงดอน,4,3,ศาลาอเนกประสงค์ประจำหมู่บ้าน,,
293,ลำปาง,แจ้ห่ม,ปงดอน,5,4,โรงอาหารโรงเรียนบ้านเปียงใจ,,
294,ลำปาง,แจ้ห่ม,ปงดอน,6,5,อาคารอเนกประสงค์โรงเรียนบ้านแม่ตาสามัคคี,,
295,ลำปาง,แจ้ห่ม,ปงดอน,7,6,อาคารอเนกประสงค์โรงเรียนบ้านแม่ตาใน,,
296,ลำปาง,แจ้ห่ม,ปงดอน,8,7,อาคารอเนกประสงค์โรงเรียนบ้านปงดอน,,
297,ลำปาง,แจ้ห่ม,ปงดอน,9,8,อาคารอเนกประสงค์บ้านเลาสู,,
298,ลำปาง,แจ้ห่ม,วิเชตนคร,1,1,ศาลาประชาคมบ้านใหม่สวนดอกคำ,,
299,ลำปาง,แจ้ห่ม,วิเชตนคร,2,2,ศาลาอเนกประสงค์ประจำหมู่บ้าน,,
300,ลำปาง,แจ้ห่ม,วิเชตนคร,3,3,อาคารอเนกประสงค์โรงเรียนบ้านใหม่ผ้าขาว,,
301,ลำปาง,แจ้ห่ม,วิเชตนคร,4,4,ศาลาอเนกประสงค์ประจำหมู่บ้าน,,
302,ลำปาง,แจ้ห่ม,วิเชตนคร,5,5,ศาลาประชาคมบ้านสันมะเกลือ,,
303,ลำปาง,แจ้ห่ม,วิเชตนคร,6,6,ศาลาประชาคมบ้านสันกลาง,,
304,ลำปาง,แจ้ห่ม,วิเชตนคร,7,7,ศาลาอเนกประสงค์ประจำหมู่บ้าน,,
305,ลำปาง,แจ้ห่ม,วิเชตนคร,8,8,ศาลาอเนกประสงค์ประจำหมู่บ้าน,,
306,ลำปาง,แจ้ห่ม,วิเชตนคร,9,8,โรงเรียนบ้านใหม่เหล่ายาว,,
307,ลำปาง,แจ้ห่ม,วิเชตนคร,10,9,ศาลาอเนกประสงค์ประจำหมู่บ้าน,,
308,ลำปาง,แจ้ห่ม,วิเชตนคร,11,10,ศาลาอเนกประสงค์ประจำหมู่บ้าน,,
309,ลำปาง,แจ้ห่ม,วิเชตนคร,12,11,ศาลาอเนกประสงค์ประจำหมู่บ้าน,,
310,ลำปาง,แจ้ห่ม,เมืองมาย,1,1,ศาลาอเนกประสงค์ประจำหมู่บ้าน,,
311,ลำปาง,แจ้ห่ม,เมืองมาย,2,2,อาคารอเนกประสงค์โรงเรียนบ้านนาไหม้,,
312,ลำปาง,แจ้ห่ม,เมืองมาย,3,3,อาคารอเนกประสงค์โรงเรียนบ้านนางาม,,
313,ลำปาง,แจ้ห่ม,เมืองมาย,4,3,ศูนย์การเรียนรู้ชุมชนชาวไทยภูเขาแม่ฟ้าหลวง (บ้านแม่ก๋า),,
314,ลำปาง,แจ้ห่ม,เมืองมาย,5,4,ศาลาอเนกประสงค์ประจำหมู่บ้าน,,
315,ลำปาง,แจ้ห่ม,เมืองมาย,6,5,ศาลาอเนกประสงค์ประจำหมู่บ้าน,,
316,ลำปาง,แจ้ห่ม,เมืองมาย,7,6,ศาลาอเนกประสงค์ประจำหมู่บ้าน,,
317,ลำปาง,แจ้ห่ม,แจ้ห่ม(นอกเขต),1,3,ศาลาอเนกประสงค์ประจำหมู่บ้าน,,
318,ลำปาง,แจ้ห่ม,แจ้ห่ม(นอกเขต),2,4,ศาลาอเนกประสงค์ประจำหมู่บ้าน,,
319,ลำปาง,แจ้ห่ม,แจ้ห่ม(นอกเขต),3,5,ศาลาการเปรียญวัดกู่คำน้อย ศาลาที่ 1,,
320,ลำปาง,แจ้ห่ม,แจ้ห่ม(นอกเขต),4,5,ศาลาการเปรียญวัดกู่คำน้อย ศาลาที่ 2,,
321,ลำปาง,แจ้ห่ม,แจ้ห่ม(นอกเขต),5,6,ศูนย์เรียนรู้ชุมชนบ้านม่วง,,
322,ลำปาง,แจ้ห่ม,แจ้ห่ม(นอกเขต),6,7,ศาลา SML ประจำหมู่บ้าน,,
323,ลำปาง,แจ้ห่ม,แจ้ห่ม(นอกเขต),7,10,ศาลาอเนกประสงค์ประจำหมู่บ้าน,,
324,ลำปาง,แจ้ห่ม,แจ้ห่ม(นอกเขต),8,11,ศาลาอเนกประสงค์ประจำหมู่บ้าน,,
325,ลำปาง,แจ้ห่ม,แจ้ห่ม(ในเขต),1,1,หอประชุมเทศบาลตำบลแจ้ห่ม,,
326,ลำปาง,แจ้ห่ม,แจ้ห่ม(ในเขต),2,1,ศาลาวัดศรีหลวง,,
327,ลำปาง,แจ้ห่ม,แจ้ห่ม(ในเขต),3,2,ศาลาอเนกประสงค์ประจำหมู่บ้าน,,
328,ลำปาง,แจ้ห่ม,แจ้ห่ม(ในเขต),4,3,วัดเชียงหมั้น,,
329,ลำปาง,แจ้ห่ม,แจ้ห่ม(ในเขต),5,8,ศาลาอเนกประสงค์ประจำหมู่บ้าน,,
330,ลำปาง,แจ้ห่ม,แจ้ห่ม(ในเขต),6,9,ศาลาอเนกประสงค์ประจำหมู่บ้าน,,
331,ลำปาง,แจ้ห่ม,แม่สุก,1,1,ศาลา SML บ้านแม่สุก,,
332,ลำปาง,แจ้ห่ม,แม่สุก,2,2,ศาลา SML บ้านหนองกอก,,
333,ลำปาง,แจ้ห่ม,แม่สุก,3,3,ศาลา SML บ้านศรีบุญเรือง,,
334,ลำปาง,แจ้ห่ม,แม่สุก,4,4,ศาลาอเนกประสงค์ประจำหมู่บ้าน,,
335,ลำปาง,แจ้ห่ม,แม่สุก,5,5,หอประชุมโรงเรียนเก่า,,
336,ลำปาง,แจ้ห่ม,แม่สุก,6,6,ศาลา SML บ้านใหม่สามัคคี,,
337,ลำปาง,แจ้ห่ม,แม่สุก,7,7,อาคารอเนกประสงค์ประจำหมู่บ้าน,,
338,ลำปาง,แจ้ห่ม,แม่สุก,8,8,ศาลา SML บ้านผาช่อ,,
339,ลำปาง,แจ้ห่ม,แม่สุก,9,9,ศาลาประชาร่วมใจบ้านสบสุก,,
340,ลำปาง,แจ้ห่ม,แม่สุก,10,10,หอประชุมโรงเรียนทุ่งคาวิทยา,,
341,ลำปาง,แจ้ห่ม,แม่สุก,11,11,อาคารเรียนโรงเรียนบ้านศรีบุญเรือง,,
342,ลำปาง,แจ้ห่ม,แม่สุก,12,12,ศาลาอเนกประสงค์ประจำหมู่บ้าน,,
