type,province,district,sub-district,unit_number,จำนวนผู้มีสิทธิมาเลือกตั้ง,จำนวนผู้มาแสดงตน
บช,ลำปาง,นอกเขต,ชุดที่ 1,-1,-1,-1
เขต,ลำปาง,นอกเขต,ชุดที่ 1,-1,-1,-1
บช,ลำปาง,นอกเขต,ชุดที่ 10,-1,-1,-1
เขต,ลำปาง,นอกเขต,ชุดที่ 10,-1,-1,-1
บช,ลำปาง,นอกเขต,ชุดที่ 11,-1,-1,-1
เขต,ลำปาง,นอกเขต,ชุดที่ 11,-1,-1,-1
บช,ลำปาง,นอกเขต,ชุดที่ 12,-1,-1,-1
เขต,ลำปาง,นอกเขต,ชุดที่ 12,-1,-1,-1
บช,ลำปาง,นอกเขต,ชุดที่ 13,-1,-1,-1
เขต,ลำปาง,นอกเขต,ชุดที่ 13,-1,-1,-1
บช,ลำปาง,นอกเขต,ชุดที่ 2,-1,-1,-1
เขต,ลำปาง,นอกเขต,ชุดที่ 2,-1,-1,-1
บช,ลำปาง,นอกเขต,ชุดที่ 3,-1,-1,-1
เขต,ลำปาง,นอกเขต,ชุดที่ 3,-1,-1,-1
บช,ลำปาง,นอกเขต,ชุดที่ 4,-1,-1,-1
เขต,ลำปาง,นอกเขต,ชุดที่ 4,-1,-1,-1
บช,ลำปาง,นอกเขต,ชุดที่ 5,-1,-1,-1
เขต,ลำปาง,นอกเขต,ชุดที่ 5,-1,-1,-1
บช,ลำปาง,นอกเขต,ชุดที่ 6,-1,-1,-1
เขต,ลำปาง,นอกเขต,ชุดที่ 6,-1,-1,-1
บช,ลำปาง,นอกเขต,ชุดที่ 7,-1,-1,-1
เขต,ลำปาง,นอกเขต,ชุดที่ 7,-1,-1,-1
บช,ลำปาง,นอกเขต,ชุดที่ 8,-1,-1,-1
เขต,ลำปาง,นอกเขต,ชุดที่ 8,-1,-1,-1
บช,ลำปาง,นอกเขต,ชุดที่ 9,-1,-1,-1
เขต,ลำปาง,นอกเขต,ชุดที่ 9,-1,-1,-1
เขต,ลำปาง,อำเภองาว,นาแก,1,324,-1
เขต,ลำปาง,อำเภองาว,นาแก,2,735,404
เขต,ลำปาง,อำเภองาว,นาแก,3,37,244
เขต,ลำปาง,อำเภองาว,นาแก,4,463,327
เขต,ลำปาง,อำเภองาว,นาแก,5,673,481
เขต,ลำปาง,อำเภองาว,นาแก,6,277,192
เขต,ลำปาง,อำเภองาว,บ้านร้อง,1,440,316
เขต,ลำปาง,อำเภองาว,บ้านร้อง,10,269,261
เขต,ลำปาง,อำเภองาว,บ้านร้อง,11,305,225
เขต,ลำปาง,อำเภองาว,บ้านร้อง,12,3,20
เขต,ลำปาง,อำเภองาว,บ้านร้อง,13,212,107
เขต,ลำปาง,อำเภองาว,บ้านร้อง,2,555,345
เขต,ลำปาง,อำเภองาว,บ้านร้อง,3,560,394
เขต,ลำปาง,อำเภองาว,บ้านร้อง,4,40,254
เขต,ลำปาง,อำเภองาว,บ้านร้อง,5,542,379
เขต,ลำปาง,อำเภองาว,บ้านร้อง,6,239,141
เขต,ลำปาง,อำเภองาว,บ้านร้อง,7,329,207
เขต,ลำปาง,อำเภองาว,บ้านร้อง,8,10,144
เขต,ลำปาง,อำเภองาว,บ้านร้อง,9,414,223
เขต,ลำปาง,อำเภองาว,บ้านหวด,1,269,294
เขต,ลำปาง,อำเภองาว,บ้านหวด,2,567,334
เขต,ลำปาง,อำเภองาว,บ้านหวด,3,620,361
เขต,ลำปาง,อำเภองาว,บ้านหวด,4,592,333
เขต,ลำปาง,อำเภองาว,บ้านหวด,5,793,456
เขต,ลำปาง,อำเภองาว,บ้านหวด,6,470,320
เขต,ลำปาง,อำเภองาว,บ้านหวด,7,369,226
เขต,ลำปาง,อำเภองาว,บ้านอ้อน,1,40,301
เขต,ลำปาง,อำเภองาว,บ้านอ้อน,2,639,-1
เขต,ลำปาง,อำเภองาว,บ้านอ้อน,3,570,391
เขต,ลำปาง,อำเภองาว,บ้านอ้อน,4,523,347
เขต,ลำปาง,อำเภองาว,บ้านอ้อน,5,431,196
เขต,ลำปาง,อำเภองาว,บ้านอ้อน,6,434,295
เขต,ลำปาง,อำเภองาว,บ้านอ้อน,7,374,240
เขต,ลำปาง,อำเภองาว,บ้านอ้อน,8,153,112
เขต,ลำปาง,อำเภองาว,บ้านแหง,1,60,40
เขต,ลำปาง,อำเภองาว,บ้านแหง,2,492,353
เขต,ลำปาง,อำเภองาว,บ้านแหง,3,727,524
เขต,ลำปาง,อำเภองาว,บ้านแหง,4,-1,406
เขต,ลำปาง,อำเภองาว,บ้านแหง,5,313,389
เขต,ลำปาง,อำเภองาว,บ้านแหง,6,524,353
เขต,ลำปาง,อำเภองาว,บ้านแหง,7,275,198
เขต,ลำปาง,อำเภองาว,บ้านแหง,8,579,357
เขต,ลำปาง,อำเภองาว,บ้านแหง,9,672,672
เขต,ลำปาง,อำเภองาว,บ้านโป่ง,1,490,287
เขต,ลำปาง,อำเภองาว,บ้านโป่ง,10,494,302
เขต,ลำปาง,อำเภองาว,บ้านโป่ง,12,457,-1
เขต,ลำปาง,อำเภองาว,บ้านโป่ง,2,460,232
เขต,ลำปาง,อำเภองาว,บ้านโป่ง,3,76,227
เขต,ลำปาง,อำเภองาว,บ้านโป่ง,4,437,245
เขต,ลำปาง,อำเภองาว,บ้านโป่ง,5,557,-1
เขต,ลำปาง,อำเภองาว,บ้านโป่ง,6,23,283
เขต,ลำปาง,อำเภองาว,บ้านโป่ง,7,377,207
เขต,ลำปาง,อำเภองาว,บ้านโป่ง,8,40,40
เขต,ลำปาง,อำเภองาว,ปงเตา,1,527,302
เขต,ลำปาง,อำเภองาว,ปงเตา,10,204,114
เขต,ลำปาง,อำเภองาว,ปงเตา,11,299,131
เขต,ลำปาง,อำเภองาว,ปงเตา,12,70,247
เขต,ลำปาง,อำเภองาว,ปงเตา,13,483,321
เขต,ลำปาง,อำเภองาว,ปงเตา,2,625,347
เขต,ลำปาง,อำเภองาว,ปงเตา,3,207,189
เขต,ลำปาง,อำเภองาว,ปงเตา,4,473,910
เขต,ลำปาง,อำเภองาว,ปงเตา,5,902,429
เขต,ลำปาง,อำเภองาว,ปงเตา,6,914,225
เขต,ลำปาง,อำเภองาว,ปงเตา,7,406,197
เขต,ลำปาง,อำเภองาว,ปงเตา,8,388,256
เขต,ลำปาง,อำเภองาว,ปงเตา,9,46,281
เขต,ลำปาง,อำเภองาว,หลวงเหนือ,1,408,266
เขต,ลำปาง,อำเภองาว,หลวงเหนือ,2,476,304
เขต,ลำปาง,อำเภองาว,หลวงเหนือ,3,532,397
เขต,ลำปาง,อำเภองาว,หลวงเหนือ,4,548,316
เขต,ลำปาง,อำเภองาว,หลวงเหนือ,5,361,361
เขต,ลำปาง,อำเภองาว,หลวงเหนือ,6,377,377
เขต,ลำปาง,อำเภองาว,หลวงเหนือ,7,257,118
เขต,ลำปาง,อำเภองาว,หลวงใต้,1,637,406
เขต,ลำปาง,อำเภองาว,หลวงใต้,2,740,462
เขต,ลำปาง,อำเภองาว,หลวงใต้,3,507,351
เขต,ลำปาง,อำเภองาว,หลวงใต้,4,-1,-1
เขต,ลำปาง,อำเภองาว,หลวงใต้,5,622,388
เขต,ลำปาง,อำเภองาว,หลวงใต้,6,785,481
เขต,ลำปาง,อำเภองาว,หลวงใต้,7,366,239
เขต,ลำปาง,อำเภองาว,หลวงใต้,8,425,304
เขต,ลำปาง,อำเภองาว,แม่ตีบ,1,474,290
เขต,ลำปาง,อำเภองาว,แม่ตีบ,2,57,342
เขต,ลำปาง,อำเภองาว,แม่ตีบ,3,40,307
เขต,ลำปาง,อำเภองาว,แม่ตีบ,4,531,364
เขต,ลำปาง,อำเภองาว,แม่ตีบ,5,524,344
เขต,ลำปาง,อำเภองาว,แม่ตีบ,6,677,535
เขต,ลำปาง,อำเภองาว,แม่ตีบ,7,330,226
บช,ลำปาง,อำเภองาว,นาแก,1,324,214
บช,ลำปาง,อำเภองาว,นาแก,2,735,448
บช,ลำปาง,อำเภองาว,นาแก,3,37,249
บช,ลำปาง,อำเภองาว,นาแก,4,468,329
บช,ลำปาง,อำเภองาว,นาแก,5,673,481
บช,ลำปาง,อำเภองาว,นาแก,6,297,192
บช,ลำปาง,อำเภองาว,บ้านร้อง,1,442,316
บช,ลำปาง,อำเภองาว,บ้านร้อง,10,469,261
บช,ลำปาง,อำเภองาว,บ้านร้อง,11,-1,225
บช,ลำปาง,อำเภองาว,บ้านร้อง,12,382,207
บช,ลำปาง,อำเภองาว,บ้านร้อง,13,242,147
บช,ลำปาง,อำเภองาว,บ้านร้อง,2,535,345
บช,ลำปาง,อำเภองาว,บ้านร้อง,3,50,394
บช,ลำปาง,อำเภองาว,บ้านร้อง,4,40,254
บช,ลำปาง,อำเภองาว,บ้านร้อง,5,542,379
บช,ลำปาง,อำเภองาว,บ้านร้อง,6,214,141
บช,ลำปาง,อำเภองาว,บ้านร้อง,7,320,207
บช,ลำปาง,อำเภองาว,บ้านร้อง,8,183,140
บช,ลำปาง,อำเภองาว,บ้านร้อง,9,414,223
บช,ลำปาง,อำเภองาว,บ้านหวด,1,369,232
บช,ลำปาง,อำเภองาว,บ้านหวด,2,-1,354
บช,ลำปาง,อำเภองาว,บ้านหวด,3,634,361
บช,ลำปาง,อำเภองาว,บ้านหวด,4,592,333
บช,ลำปาง,อำเภองาว,บ้านหวด,5,793,456
บช,ลำปาง,อำเภองาว,บ้านหวด,6,470,324
บช,ลำปาง,อำเภองาว,บ้านหวด,7,367,226
บช,ลำปาง,อำเภองาว,บ้านอ้อน,1,469,301
บช,ลำปาง,อำเภองาว,บ้านอ้อน,2,639,-1
บช,ลำปาง,อำเภองาว,บ้านอ้อน,3,590,391
บช,ลำปาง,อำเภองาว,บ้านอ้อน,4,523,347
บช,ลำปาง,อำเภองาว,บ้านอ้อน,5,431,196
บช,ลำปาง,อำเภองาว,บ้านอ้อน,6,434,295
บช,ลำปาง,อำเภองาว,บ้านอ้อน,7,372,240
บช,ลำปาง,อำเภองาว,บ้านอ้อน,8,153,112
บช,ลำปาง,อำเภองาว,บ้านแหง,1,692,440
บช,ลำปาง,อำเภองาว,บ้านแหง,2,492,359
บช,ลำปาง,อำเภองาว,บ้านแหง,3,989,524
บช,ลำปาง,อำเภองาว,บ้านแหง,4,532,406
บช,ลำปาง,อำเภองาว,บ้านแหง,5,500,115
บช,ลำปาง,อำเภองาว,บ้านแหง,6,324,333
บช,ลำปาง,อำเภองาว,บ้านแหง,7,275,198
บช,ลำปาง,อำเภองาว,บ้านแหง,8,574,357
บช,ลำปาง,อำเภองาว,บ้านแหง,9,672,446
บช,ลำปาง,อำเภองาว,หลวงเหนือ,1,408,266
บช,ลำปาง,อำเภองาว,หลวงเหนือ,2,-1,308
บช,ลำปาง,อำเภองาว,หลวงเหนือ,3,532,357
บช,ลำปาง,อำเภองาว,หลวงเหนือ,4,-1,316
บช,ลำปาง,อำเภองาว,หลวงเหนือ,5,531,361
บช,ลำปาง,อำเภองาว,หลวงเหนือ,6,598,377
บช,ลำปาง,อำเภองาว,หลวงเหนือ,7,257,168
บช,ลำปาง,อำเภองาว,หลวงใต้,1,629,406
บช,ลำปาง,อำเภองาว,หลวงใต้,2,790,462
บช,ลำปาง,อำเภองาว,หลวงใต้,3,507,351
บช,ลำปาง,อำเภองาว,หลวงใต้,4,70,23
บช,ลำปาง,อำเภองาว,หลวงใต้,5,622,388
บช,ลำปาง,อำเภองาว,หลวงใต้,6,825,439
บช,ลำปาง,อำเภองาว,หลวงใต้,7,-1,239
บช,ลำปาง,อำเภองาว,หลวงใต้,8,120,105
บช,ลำปาง,อำเภองาว,แม่ตีบ,1,474,20
บช,ลำปาง,อำเภองาว,แม่ตีบ,2,57,342
บช,ลำปาง,อำเภองาว,แม่ตีบ,3,-1,307
บช,ลำปาง,อำเภองาว,แม่ตีบ,4,371,364
บช,ลำปาง,อำเภองาว,แม่ตีบ,5,524,344
บช,ลำปาง,อำเภองาว,แม่ตีบ,6,677,535
บช,ลำปาง,อำเภองาว,แม่ตีบ,7,330,221
บช,ลำปาง,อำเภองาว,บ้านโป่ง,1,490,237
บช,ลำปาง,อำเภองาว,บ้านโป่ง,10,-1,-1
บช,ลำปาง,อำเภองาว,บ้านโป่ง,11,396,218
บช,ลำปาง,อำเภองาว,บ้านโป่ง,12,497,-1
บช,ลำปาง,อำเภองาว,บ้านโป่ง,2,-1,282
บช,ลำปาง,อำเภองาว,บ้านโป่ง,3,362,229
บช,ลำปาง,อำเภองาว,บ้านโป่ง,4,437,245
บช,ลำปาง,อำเภองาว,บ้านโป่ง,5,-1,555
บช,ลำปาง,อำเภองาว,บ้านโป่ง,6,-1,283
บช,ลำปาง,อำเภองาว,บ้านโป่ง,7,30,227
บช,ลำปาง,อำเภองาว,บ้านโป่ง,8,1114,1100
บช,ลำปาง,อำเภองาว,ปงเตา,1,529,302
บช,ลำปาง,อำเภองาว,ปงเตา,10,207,114
บช,ลำปาง,อำเภองาว,ปงเตา,11,290,131
บช,ลำปาง,อำเภองาว,ปงเตา,12,701,297
บช,ลำปาง,อำเภองาว,ปงเตา,13,483,321
บช,ลำปาง,อำเภองาว,ปงเตา,2,625,347
บช,ลำปาง,อำเภองาว,ปงเตา,3,30,181
บช,ลำปาง,อำเภองาว,ปงเตา,4,493,410
บช,ลำปาง,อำเภองาว,ปงเตา,5,702,29
บช,ลำปาง,อำเภองาว,ปงเตา,6,360,-1
บช,ลำปาง,อำเภองาว,ปงเตา,7,406,197
บช,ลำปาง,อำเภองาว,ปงเตา,8,388,256
บช,ลำปาง,อำเภองาว,ปงเตา,9,468,236
เขต,ลำปาง,อำเภอวังเหนือ,วังใต้,1,446,216
เขต,ลำปาง,อำเภอวังเหนือ,วังใต้,2,314,212
เขต,ลำปาง,อำเภอวังเหนือ,วังใต้,3,327,228
เขต,ลำปาง,อำเภอวังเหนือ,วังใต้,4,260,191
เขต,ลำปาง,อำเภอวังเหนือ,วังใต้,5,407,247
เขต,ลำปาง,อำเภอวังเหนือ,วังใต้,6,470,346
เขต,ลำปาง,อำเภอวังเหนือ,วังใต้,7,40,303
เขต,ลำปาง,อำเภอวังเหนือ,ทุ่งฮั้ว,1,315,234
เขต,ลำปาง,อำเภอวังเหนือ,ทุ่งฮั้ว,11,577,420
เขต,ลำปาง,อำเภอวังเหนือ,ทุ่งฮั้ว,12,400,313
เขต,ลำปาง,อำเภอวังเหนือ,ทุ่งฮั้ว,2,309,232
เขต,ลำปาง,อำเภอวังเหนือ,ทุ่งฮั้ว,3,313,221
เขต,ลำปาง,อำเภอวังเหนือ,ทุ่งฮั้ว,4,236,179
เขต,ลำปาง,อำเภอวังเหนือ,ทุ่งฮั้ว,5,237,140
เขต,ลำปาง,อำเภอวังเหนือ,ทุ่งฮั้ว,6,703,577
เขต,ลำปาง,อำเภอวังเหนือ,ทุ่งฮั้ว,7,21,156
เขต,ลำปาง,อำเภอวังเหนือ,ทุ่งฮั้ว,8,55,55
เขต,ลำปาง,อำเภอวังเหนือ,ทุ่งฮั้ว,9,440,332
เขต,ลำปาง,อำเภอวังเหนือ,บ้านใหม่,1,506,343
เขต,ลำปาง,อำเภอวังเหนือ,บ้านใหม่,2,456,328
เขต,ลำปาง,อำเภอวังเหนือ,บ้านใหม่,3,553,390
เขต,ลำปาง,อำเภอวังเหนือ,บ้านใหม่,4,50,400
เขต,ลำปาง,อำเภอวังเหนือ,ร่องเคาะ,1,753,411
เขต,ลำปาง,อำเภอวังเหนือ,ร่องเคาะ,10,302,202
เขต,ลำปาง,อำเภอวังเหนือ,ร่องเคาะ,11,289,215
เขต,ลำปาง,อำเภอวังเหนือ,ร่องเคาะ,12,474,218
เขต,ลำปาง,อำเภอวังเหนือ,ร่องเคาะ,13,427,181
เขต,ลำปาง,อำเภอวังเหนือ,ร่องเคาะ,14,357,253
เขต,ลำปาง,อำเภอวังเหนือ,ร่องเคาะ,15,334,245
เขต,ลำปาง,อำเภอวังเหนือ,ร่องเคาะ,16,407,321
เขต,ลำปาง,อำเภอวังเหนือ,ร่องเคาะ,17,368,226
เขต,ลำปาง,อำเภอวังเหนือ,ร่องเคาะ,18,394,254
เขต,ลำปาง,อำเภอวังเหนือ,ร่องเคาะ,2,365,243
เขต,ลำปาง,อำเภอวังเหนือ,ร่องเคาะ,3,391,473
เขต,ลำปาง,อำเภอวังเหนือ,ร่องเคาะ,4,790,350
เขต,ลำปาง,อำเภอวังเหนือ,ร่องเคาะ,5,307,208
เขต,ลำปาง,อำเภอวังเหนือ,ร่องเคาะ,6,416,307
เขต,ลำปาง,อำเภอวังเหนือ,ร่องเคาะ,7,477,291
เขต,ลำปาง,อำเภอวังเหนือ,ร่องเคาะ,8,697,540
เขต,ลำปาง,อำเภอวังเหนือ,ร่องเคาะ,9,721,480
เขต,ลำปาง,อำเภอวังเหนือ,วังซ้าย,1,160,160
เขต,ลำปาง,อำเภอวังเหนือ,วังซ้าย,10,384,282
เขต,ลำปาง,อำเภอวังเหนือ,วังซ้าย,2,358,258
เขต,ลำปาง,อำเภอวังเหนือ,วังซ้าย,3,57,30
เขต,ลำปาง,อำเภอวังเหนือ,วังซ้าย,4,542,381
เขต,ลำปาง,อำเภอวังเหนือ,วังซ้าย,5,300,359
เขต,ลำปาง,อำเภอวังเหนือ,วังซ้าย,6,335,252
เขต,ลำปาง,อำเภอวังเหนือ,วังซ้าย,7,430,924
เขต,ลำปาง,อำเภอวังเหนือ,วังซ้าย,8,525,374
เขต,ลำปาง,อำเภอวังเหนือ,วังซ้าย,9,276,276
เขต,ลำปาง,อำเภอวังเหนือ,วังทรายคำ,1,37,20
เขต,ลำปาง,อำเภอวังเหนือ,วังทรายคำ,2,348,248
เขต,ลำปาง,อำเภอวังเหนือ,วังทรายคำ,3,40,39
เขต,ลำปาง,อำเภอวังเหนือ,วังทรายคำ,4,423,330
เขต,ลำปาง,อำเภอวังเหนือ,วังทรายคำ,5,220,170
เขต,ลำปาง,อำเภอวังเหนือ,วังทรายคำ,6,43,29
เขต,ลำปาง,อำเภอวังเหนือ,วังทรายคำ,7,490,355
เขต,ลำปาง,อำเภอวังเหนือ,วังทรายคำ,8,274,144
เขต,ลำปาง,อำเภอวังเหนือ,วังทรายคำ,9,349,245
เขต,ลำปาง,อำเภอวังเหนือ,วังทอง,1,412,291
เขต,ลำปาง,อำเภอวังเหนือ,วังทอง,2,599,396
เขต,ลำปาง,อำเภอวังเหนือ,วังทอง,3,605,479
เขต,ลำปาง,อำเภอวังเหนือ,วังทอง,4,300,342
เขต,ลำปาง,อำเภอวังเหนือ,วังทอง,5,70,137
เขต,ลำปาง,อำเภอวังเหนือ,วังทอง,6,546,373
เขต,ลำปาง,อำเภอวังเหนือ,วังทอง,7,600,471
เขต,ลำปาง,อำเภอวังเหนือ,วังทอง,8,433,316
เขต,ลำปาง,อำเภอวังเหนือ,วังทอง,9,37,257
เขต,ลำปาง,อำเภอวังเหนือ,วังเหนือ,1,207,150
เขต,ลำปาง,อำเภอวังเหนือ,วังเหนือ,2,250,183
เขต,ลำปาง,อำเภอวังเหนือ,วังเหนือ,3,750,539
เขต,ลำปาง,อำเภอวังเหนือ,วังเหนือ,4,69,429
เขต,ลำปาง,อำเภอวังเหนือ,วังเหนือ,5,397,262
เขต,ลำปาง,อำเภอวังเหนือ,วังเหนือ,6,453,220
เขต,ลำปาง,อำเภอวังเหนือ,วังเหนือ,7,198,156
เขต,ลำปาง,อำเภอวังเหนือ,วังเหนือ,8,463,843
เขต,ลำปาง,อำเภอวังเหนือ,วังแก้ว,1,392,120
เขต,ลำปาง,อำเภอวังเหนือ,วังแก้ว,2,351,243
เขต,ลำปาง,อำเภอวังเหนือ,วังแก้ว,3,575,419
เขต,ลำปาง,อำเภอวังเหนือ,วังแก้ว,4,408,266
เขต,ลำปาง,อำเภอวังเหนือ,วังแก้ว,5,393,-1
เขต,ลำปาง,อำเภอวังเหนือ,วังแก้ว,6,70,30
เขต,ลำปาง,อำเภอวังเหนือ,วังแก้ว,7,32,222
บช,ลำปาง,อำเภอวังเหนือ,ทุ่งฮั้ว,1,-1,236
บช,ลำปาง,อำเภอวังเหนือ,ทุ่งฮั้ว,10,146,113
บช,ลำปาง,อำเภอวังเหนือ,ทุ่งฮั้ว,11,-1,-1
บช,ลำปาง,อำเภอวังเหนือ,ทุ่งฮั้ว,12,400,313
บช,ลำปาง,อำเภอวังเหนือ,ทุ่งฮั้ว,2,307,232
บช,ลำปาง,อำเภอวังเหนือ,ทุ่งฮั้ว,3,348,-1
บช,ลำปาง,อำเภอวังเหนือ,ทุ่งฮั้ว,4,236,79
บช,ลำปาง,อำเภอวังเหนือ,ทุ่งฮั้ว,5,237,142
บช,ลำปาง,อำเภอวังเหนือ,ทุ่งฮั้ว,6,706,559
บช,ลำปาง,อำเภอวังเหนือ,ทุ่งฮั้ว,7,2,10
บช,ลำปาง,อำเภอวังเหนือ,ทุ่งฮั้ว,8,554,391
บช,ลำปาง,อำเภอวังเหนือ,ทุ่งฮั้ว,9,440,332
บช,ลำปาง,อำเภอวังเหนือ,บ้านใหม่,1,553,380
บช,ลำปาง,อำเภอวังเหนือ,บ้านใหม่,2,456,328
บช,ลำปาง,อำเภอวังเหนือ,บ้านใหม่,3,506,343
บช,ลำปาง,อำเภอวังเหนือ,บ้านใหม่,4,50,400
บช,ลำปาง,อำเภอวังเหนือ,ร่องเคาะ,1,753,411
บช,ลำปาง,อำเภอวังเหนือ,ร่องเคาะ,10,302,202
บช,ลำปาง,อำเภอวังเหนือ,ร่องเคาะ,11,287,215
บช,ลำปาง,อำเภอวังเหนือ,ร่องเคาะ,12,434,214
บช,ลำปาง,อำเภอวังเหนือ,ร่องเคาะ,13,-1,181
บช,ลำปาง,อำเภอวังเหนือ,ร่องเคาะ,14,357,255
บช,ลำปาง,อำเภอวังเหนือ,ร่องเคาะ,15,384,245
บช,ลำปาง,อำเภอวังเหนือ,ร่องเคาะ,16,407,321
บช,ลำปาง,อำเภอวังเหนือ,ร่องเคาะ,17,368,226
บช,ลำปาง,อำเภอวังเหนือ,ร่องเคาะ,18,394,254
บช,ลำปาง,อำเภอวังเหนือ,ร่องเคาะ,2,365,243
บช,ลำปาง,อำเภอวังเหนือ,ร่องเคาะ,3,291,293
บช,ลำปาง,อำเภอวังเหนือ,ร่องเคาะ,4,746,950
บช,ลำปาง,อำเภอวังเหนือ,ร่องเคาะ,5,307,308
บช,ลำปาง,อำเภอวังเหนือ,ร่องเคาะ,6,40,30
บช,ลำปาง,อำเภอวังเหนือ,ร่องเคาะ,7,477,391
บช,ลำปาง,อำเภอวังเหนือ,ร่องเคาะ,8,697,540
บช,ลำปาง,อำเภอวังเหนือ,ร่องเคาะ,9,721,480
บช,ลำปาง,อำเภอวังเหนือ,วังซ้าย,1,163,-1
บช,ลำปาง,อำเภอวังเหนือ,วังซ้าย,10,384,282
บช,ลำปาง,อำเภอวังเหนือ,วังซ้าย,2,358,298
บช,ลำปาง,อำเภอวังเหนือ,วังซ้าย,3,527,318
บช,ลำปาง,อำเภอวังเหนือ,วังซ้าย,4,-1,387
บช,ลำปาง,อำเภอวังเหนือ,วังซ้าย,5,500,357
บช,ลำปาง,อำเภอวังเหนือ,วังซ้าย,6,335,157
บช,ลำปาง,อำเภอวังเหนือ,วังซ้าย,7,430,324
บช,ลำปาง,อำเภอวังเหนือ,วังซ้าย,8,525,394
บช,ลำปาง,อำเภอวังเหนือ,วังซ้าย,9,367,270
บช,ลำปาง,อำเภอวังเหนือ,วังทรายคำ,1,-1,258
บช,ลำปาง,อำเภอวังเหนือ,วังทรายคำ,2,-1,248
บช,ลำปาง,อำเภอวังเหนือ,วังทรายคำ,3,4,33
บช,ลำปาง,อำเภอวังเหนือ,วังทรายคำ,4,-1,330
บช,ลำปาง,อำเภอวังเหนือ,วังทรายคำ,5,220,170
บช,ลำปาง,อำเภอวังเหนือ,วังทรายคำ,6,43,290
บช,ลำปาง,อำเภอวังเหนือ,วังทรายคำ,7,490,355
บช,ลำปาง,อำเภอวังเหนือ,วังทรายคำ,8,274,180
บช,ลำปาง,อำเภอวังเหนือ,วังทรายคำ,9,-1,246
บช,ลำปาง,อำเภอวังเหนือ,วังทอง,1,301,291
บช,ลำปาง,อำเภอวังเหนือ,วังทอง,2,599,396
บช,ลำปาง,อำเภอวังเหนือ,วังทอง,3,606,491
บช,ลำปาง,อำเภอวังเหนือ,วังทอง,4,500,342
บช,ลำปาง,อำเภอวังเหนือ,วังทอง,5,-1,137
บช,ลำปาง,อำเภอวังเหนือ,วังทอง,6,540,397
บช,ลำปาง,อำเภอวังเหนือ,วังทอง,7,270,479
บช,ลำปาง,อำเภอวังเหนือ,วังทอง,8,437,316
บช,ลำปาง,อำเภอวังเหนือ,วังทอง,9,22,20
บช,ลำปาง,อำเภอวังเหนือ,วังเหนือ,1,209,150
บช,ลำปาง,อำเภอวังเหนือ,วังเหนือ,2,254,175
บช,ลำปาง,อำเภอวังเหนือ,วังเหนือ,3,756,539
บช,ลำปาง,อำเภอวังเหนือ,วังเหนือ,4,608,479
บช,ลำปาง,อำเภอวังเหนือ,วังเหนือ,5,357,262
บช,ลำปาง,อำเภอวังเหนือ,วังเหนือ,6,453,321
บช,ลำปาง,อำเภอวังเหนือ,วังเหนือ,7,199,156
บช,ลำปาง,อำเภอวังเหนือ,วังเหนือ,8,-1,343
บช,ลำปาง,อำเภอวังเหนือ,วังแก้ว,1,392,270
บช,ลำปาง,อำเภอวังเหนือ,วังแก้ว,2,351,243
บช,ลำปาง,อำเภอวังเหนือ,วังแก้ว,3,57,479
บช,ลำปาง,อำเภอวังเหนือ,วังแก้ว,4,-1,276
บช,ลำปาง,อำเภอวังเหนือ,วังแก้ว,5,393,259
บช,ลำปาง,อำเภอวังเหนือ,วังแก้ว,6,287,197
บช,ลำปาง,อำเภอวังเหนือ,วังแก้ว,7,320,222
บช,ลำปาง,อำเภอวังเหนือ,วังใต้,1,446,316
บช,ลำปาง,อำเภอวังเหนือ,วังใต้,2,360,262
บช,ลำปาง,อำเภอวังเหนือ,วังใต้,3,-1,224
บช,ลำปาง,อำเภอวังเหนือ,วังใต้,4,260,181
บช,ลำปาง,อำเภอวังเหนือ,วังใต้,5,400,234
บช,ลำปาง,อำเภอวังเหนือ,วังใต้,6,-1,346
บช,ลำปาง,อำเภอวังเหนือ,วังใต้,7,430,903
เขต,ลำปาง,อำเภอเมืองปาน,บ้านขอ,1,460,319
เขต,ลำปาง,อำเภอเมืองปาน,บ้านขอ,10,308,363
เขต,ลำปาง,อำเภอเมืองปาน,บ้านขอ,11,449,328
เขต,ลำปาง,อำเภอเมืองปาน,บ้านขอ,12,370,372
เขต,ลำปาง,อำเภอเมืองปาน,บ้านขอ,13,236,190
เขต,ลำปาง,อำเภอเมืองปาน,บ้านขอ,14,267,192
เขต,ลำปาง,อำเภอเมืองปาน,บ้านขอ,2,564,374
เขต,ลำปาง,อำเภอเมืองปาน,บ้านขอ,3,48,310
เขต,ลำปาง,อำเภอเมืองปาน,บ้านขอ,4,365,27
เขต,ลำปาง,อำเภอเมืองปาน,บ้านขอ,5,531,361
เขต,ลำปาง,อำเภอเมืองปาน,บ้านขอ,6,387,260
เขต,ลำปาง,อำเภอเมืองปาน,บ้านขอ,7,620,450
เขต,ลำปาง,อำเภอเมืองปาน,บ้านขอ,8,426,306
เขต,ลำปาง,อำเภอเมืองปาน,บ้านขอ,9,356,265
เขต,ลำปาง,อำเภอเมืองปาน,ทุ่งกว๋าว,1,579,420
เขต,ลำปาง,อำเภอเมืองปาน,ทุ่งกว๋าว,10,406,260
เขต,ลำปาง,อำเภอเมืองปาน,ทุ่งกว๋าว,11,360,259
เขต,ลำปาง,อำเภอเมืองปาน,ทุ่งกว๋าว,12,338,251
เขต,ลำปาง,อำเภอเมืองปาน,ทุ่งกว๋าว,13,596,430
เขต,ลำปาง,อำเภอเมืองปาน,ทุ่งกว๋าว,14,320,248
เขต,ลำปาง,อำเภอเมืองปาน,ทุ่งกว๋าว,15,283,191
เขต,ลำปาง,อำเภอเมืองปาน,ทุ่งกว๋าว,16,299,216
เขต,ลำปาง,อำเภอเมืองปาน,ทุ่งกว๋าว,2,554,498
เขต,ลำปาง,อำเภอเมืองปาน,ทุ่งกว๋าว,3,319,240
เขต,ลำปาง,อำเภอเมืองปาน,ทุ่งกว๋าว,4,67,46
เขต,ลำปาง,อำเภอเมืองปาน,ทุ่งกว๋าว,5,473,811
เขต,ลำปาง,อำเภอเมืองปาน,ทุ่งกว๋าว,6,407,392
เขต,ลำปาง,อำเภอเมืองปาน,ทุ่งกว๋าว,7,575,403
เขต,ลำปาง,อำเภอเมืองปาน,ทุ่งกว๋าว,8,40,32
เขต,ลำปาง,อำเภอเมืองปาน,ทุ่งกว๋าว,9,416,283
เขต,ลำปาง,อำเภอเมืองปาน,หัวเมือง,1,486,328
เขต,ลำปาง,อำเภอเมืองปาน,หัวเมือง,2,538,325
เขต,ลำปาง,อำเภอเมืองปาน,หัวเมือง,3,335,222
เขต,ลำปาง,อำเภอเมืองปาน,หัวเมือง,4,390,264
เขต,ลำปาง,อำเภอเมืองปาน,หัวเมือง,5,463,301
เขต,ลำปาง,อำเภอเมืองปาน,หัวเมือง,6,352,251
เขต,ลำปาง,อำเภอเมืองปาน,หัวเมือง,7,269,176
เขต,ลำปาง,อำเภอเมืองปาน,หัวเมือง,8,166,129
เขต,ลำปาง,อำเภอเมืองปาน,หัวเมือง,9,299,192
เขต,ลำปาง,อำเภอเมืองปาน,เมืองปาน,1,780,491
เขต,ลำปาง,อำเภอเมืองปาน,เมืองปาน,10,179,132
เขต,ลำปาง,อำเภอเมืองปาน,เมืองปาน,11,401,273
เขต,ลำปาง,อำเภอเมืองปาน,เมืองปาน,2,476,326
เขต,ลำปาง,อำเภอเมืองปาน,เมืองปาน,3,386,238
เขต,ลำปาง,อำเภอเมืองปาน,เมืองปาน,4,506,323
เขต,ลำปาง,อำเภอเมืองปาน,เมืองปาน,5,531,352
เขต,ลำปาง,อำเภอเมืองปาน,เมืองปาน,6,31,210
เขต,ลำปาง,อำเภอเมืองปาน,เมืองปาน,7,229,153
เขต,ลำปาง,อำเภอเมืองปาน,เมืองปาน,8,70,35
เขต,ลำปาง,อำเภอเมืองปาน,เมืองปาน,9,37,276
เขต,ลำปาง,อำเภอเมืองปาน,เเจ้ซ้อน,1,461,343
เขต,ลำปาง,อำเภอเมืองปาน,เเจ้ซ้อน,10,100,72
เขต,ลำปาง,อำเภอเมืองปาน,เเจ้ซ้อน,11,574,386
เขต,ลำปาง,อำเภอเมืองปาน,เเจ้ซ้อน,12,230,172
เขต,ลำปาง,อำเภอเมืองปาน,เเจ้ซ้อน,13,552,312
เขต,ลำปาง,อำเภอเมืองปาน,เเจ้ซ้อน,14,278,229
เขต,ลำปาง,อำเภอเมืองปาน,เเจ้ซ้อน,15,231,715
เขต,ลำปาง,อำเภอเมืองปาน,เเจ้ซ้อน,2,418,322
เขต,ลำปาง,อำเภอเมืองปาน,เเจ้ซ้อน,3,313,233
เขต,ลำปาง,อำเภอเมืองปาน,เเจ้ซ้อน,4,534,372
เขต,ลำปาง,อำเภอเมืองปาน,เเจ้ซ้อน,5,478,349
เขต,ลำปาง,อำเภอเมืองปาน,เเจ้ซ้อน,6,592,414
เขต,ลำปาง,อำเภอเมืองปาน,เเจ้ซ้อน,7,352,252
เขต,ลำปาง,อำเภอเมืองปาน,เเจ้ซ้อน,8,621,410
เขต,ลำปาง,อำเภอเมืองปาน,เเจ้ซ้อน,9,325,231
บช,ลำปาง,อำเภอเมืองปาน,ทุ่งกว๋าว,1,579,420
บช,ลำปาง,อำเภอเมืองปาน,ทุ่งกว๋าว,10,406,260
บช,ลำปาง,อำเภอเมืองปาน,ทุ่งกว๋าว,11,360,239
บช,ลำปาง,อำเภอเมืองปาน,ทุ่งกว๋าว,12,338,251
บช,ลำปาง,อำเภอเมืองปาน,ทุ่งกว๋าว,13,596,430
บช,ลำปาง,อำเภอเมืองปาน,ทุ่งกว๋าว,14,323,243
บช,ลำปาง,อำเภอเมืองปาน,ทุ่งกว๋าว,15,230,171
บช,ลำปาง,อำเภอเมืองปาน,ทุ่งกว๋าว,16,293,216
บช,ลำปาง,อำเภอเมืองปาน,ทุ่งกว๋าว,2,554,540
บช,ลำปาง,อำเภอเมืองปาน,ทุ่งกว๋าว,3,219,240
บช,ลำปาง,อำเภอเมืองปาน,ทุ่งกว๋าว,4,674,463
บช,ลำปาง,อำเภอเมืองปาน,ทุ่งกว๋าว,5,475,311
บช,ลำปาง,อำเภอเมืองปาน,ทุ่งกว๋าว,6,407,292
บช,ลำปาง,อำเภอเมืองปาน,ทุ่งกว๋าว,7,570,409
บช,ลำปาง,อำเภอเมืองปาน,ทุ่งกว๋าว,8,321,321
บช,ลำปาง,อำเภอเมืองปาน,ทุ่งกว๋าว,9,416,230
บช,ลำปาง,อำเภอเมืองปาน,หัวเมือง,1,486,328
บช,ลำปาง,อำเภอเมืองปาน,หัวเมือง,2,538,325
บช,ลำปาง,อำเภอเมืองปาน,หัวเมือง,3,335,207
บช,ลำปาง,อำเภอเมืองปาน,หัวเมือง,4,390,264
บช,ลำปาง,อำเภอเมืองปาน,หัวเมือง,5,463,501
บช,ลำปาง,อำเภอเมืองปาน,หัวเมือง,6,952,251
บช,ลำปาง,อำเภอเมืองปาน,หัวเมือง,7,269,176
บช,ลำปาง,อำเภอเมืองปาน,หัวเมือง,8,166,129
บช,ลำปาง,อำเภอเมืองปาน,หัวเมือง,9,299,192
บช,ลำปาง,อำเภอเมืองปาน,แจ้ซ้อน,1,461,343
บช,ลำปาง,อำเภอเมืองปาน,แจ้ซ้อน,10,100,72
บช,ลำปาง,อำเภอเมืองปาน,แจ้ซ้อน,11,574,388
บช,ลำปาง,อำเภอเมืองปาน,แจ้ซ้อน,12,230,172
บช,ลำปาง,อำเภอเมืองปาน,แจ้ซ้อน,13,552,362
บช,ลำปาง,อำเภอเมืองปาน,แจ้ซ้อน,14,298,229
บช,ลำปาง,อำเภอเมืองปาน,แจ้ซ้อน,15,231,175
บช,ลำปาง,อำเภอเมืองปาน,แจ้ซ้อน,2,418,322
บช,ลำปาง,อำเภอเมืองปาน,แจ้ซ้อน,3,-1,235
บช,ลำปาง,อำเภอเมืองปาน,แจ้ซ้อน,4,372,372
บช,ลำปาง,อำเภอเมืองปาน,แจ้ซ้อน,5,476,349
บช,ลำปาง,อำเภอเมืองปาน,แจ้ซ้อน,6,580,414
บช,ลำปาง,อำเภอเมืองปาน,แจ้ซ้อน,7,352,252
บช,ลำปาง,อำเภอเมืองปาน,แจ้ซ้อน,8,621,410
บช,ลำปาง,อำเภอเมืองปาน,แจ้ซ้อน,9,320,251
บช,ลำปาง,อำเภอเมืองปาน,บ้านขอ,1,484,317
บช,ลำปาง,อำเภอเมืองปาน,บ้านขอ,10,503,363
บช,ลำปาง,อำเภอเมืองปาน,บ้านขอ,11,449,328
บช,ลำปาง,อำเภอเมืองปาน,บ้านขอ,12,370,372
บช,ลำปาง,อำเภอเมืองปาน,บ้านขอ,13,286,190
บช,ลำปาง,อำเภอเมืองปาน,บ้านขอ,14,267,182
บช,ลำปาง,อำเภอเมืองปาน,บ้านขอ,2,564,374
บช,ลำปาง,อำเภอเมืองปาน,บ้านขอ,3,488,310
บช,ลำปาง,อำเภอเมืองปาน,บ้านขอ,4,227,227
บช,ลำปาง,อำเภอเมืองปาน,บ้านขอ,5,-1,361
บช,ลำปาง,อำเภอเมืองปาน,บ้านขอ,6,367,260
บช,ลำปาง,อำเภอเมืองปาน,บ้านขอ,7,620,450
บช,ลำปาง,อำเภอเมืองปาน,บ้านขอ,8,426,306
บช,ลำปาง,อำเภอเมืองปาน,บ้านขอ,9,350,235
บช,ลำปาง,อำเภอเมืองปาน,เมืองปาน,1,780,431
บช,ลำปาง,อำเภอเมืองปาน,เมืองปาน,10,199,132
บช,ลำปาง,อำเภอเมืองปาน,เมืองปาน,11,401,273
บช,ลำปาง,อำเภอเมืองปาน,เมืองปาน,2,443,326
บช,ลำปาง,อำเภอเมืองปาน,เมืองปาน,3,336,235
บช,ลำปาง,อำเภอเมืองปาน,เมืองปาน,4,506,323
บช,ลำปาง,อำเภอเมืองปาน,เมืองปาน,5,531,352
บช,ลำปาง,อำเภอเมืองปาน,เมืองปาน,6,311,216
บช,ลำปาง,อำเภอเมืองปาน,เมืองปาน,7,229,153
บช,ลำปาง,อำเภอเมืองปาน,เมืองปาน,8,772,125
บช,ลำปาง,อำเภอเมืองปาน,เมืองปาน,9,377,276
เขต,ลำปาง,อำเภอเมืองลำปาง (ต.บ้านแลง ต.บ้านเสด็จ),บ้านเสด็จ,1,787,33
เขต,ลำปาง,อำเภอเมืองลำปาง (ต.บ้านแลง ต.บ้านเสด็จ),บ้านเสด็จ,10,764,473
เขต,ลำปาง,อำเภอเมืองลำปาง (ต.บ้านแลง ต.บ้านเสด็จ),บ้านเสด็จ,11,27,18
เขต,ลำปาง,อำเภอเมืองลำปาง (ต.บ้านแลง ต.บ้านเสด็จ),บ้านเสด็จ,12,511,343
เขต,ลำปาง,อำเภอเมืองลำปาง (ต.บ้านแลง ต.บ้านเสด็จ),บ้านเสด็จ,13,432,287
เขต,ลำปาง,อำเภอเมืองลำปาง (ต.บ้านแลง ต.บ้านเสด็จ),บ้านเสด็จ,14,405,314
เขต,ลำปาง,อำเภอเมืองลำปาง (ต.บ้านแลง ต.บ้านเสด็จ),บ้านเสด็จ,15,517,347
เขต,ลำปาง,อำเภอเมืองลำปาง (ต.บ้านแลง ต.บ้านเสด็จ),บ้านเสด็จ,16,199,146
เขต,ลำปาง,อำเภอเมืองลำปาง (ต.บ้านแลง ต.บ้านเสด็จ),บ้านเสด็จ,17,160,107
เขต,ลำปาง,อำเภอเมืองลำปาง (ต.บ้านแลง ต.บ้านเสด็จ),บ้านเสด็จ,18,451,262
เขต,ลำปาง,อำเภอเมืองลำปาง (ต.บ้านแลง ต.บ้านเสด็จ),บ้านเสด็จ,2,414,268
เขต,ลำปาง,อำเภอเมืองลำปาง (ต.บ้านแลง ต.บ้านเสด็จ),บ้านเสด็จ,3,420,267
เขต,ลำปาง,อำเภอเมืองลำปาง (ต.บ้านแลง ต.บ้านเสด็จ),บ้านเสด็จ,4,466,310
เขต,ลำปาง,อำเภอเมืองลำปาง (ต.บ้านแลง ต.บ้านเสด็จ),บ้านเสด็จ,5,692,501
เขต,ลำปาง,อำเภอเมืองลำปาง (ต.บ้านแลง ต.บ้านเสด็จ),บ้านเสด็จ,6,403,252
เขต,ลำปาง,อำเภอเมืองลำปาง (ต.บ้านแลง ต.บ้านเสด็จ),บ้านเสด็จ,7,503,338
เขต,ลำปาง,อำเภอเมืองลำปาง (ต.บ้านแลง ต.บ้านเสด็จ),บ้านเสด็จ,8,531,948
เขต,ลำปาง,อำเภอเมืองลำปาง (ต.บ้านแลง ต.บ้านเสด็จ),บ้านเสด็จ,9,355,222
เขต,ลำปาง,อำเภอเมืองลำปาง (ต.บ้านแลง ต.บ้านเสด็จ),บ้านแลง,1,439,284
เขต,ลำปาง,อำเภอเมืองลำปาง (ต.บ้านแลง ต.บ้านเสด็จ),บ้านแลง,10,244,166
เขต,ลำปาง,อำเภอเมืองลำปาง (ต.บ้านแลง ต.บ้านเสด็จ),บ้านแลง,11,930,439
เขต,ลำปาง,อำเภอเมืองลำปาง (ต.บ้านแลง ต.บ้านเสด็จ),บ้านแลง,12,230,200
เขต,ลำปาง,อำเภอเมืองลำปาง (ต.บ้านแลง ต.บ้านเสด็จ),บ้านแลง,2,342,215
เขต,ลำปาง,อำเภอเมืองลำปาง (ต.บ้านแลง ต.บ้านเสด็จ),บ้านแลง,3,70,446
เขต,ลำปาง,อำเภอเมืองลำปาง (ต.บ้านแลง ต.บ้านเสด็จ),บ้านแลง,4,500,366
เขต,ลำปาง,อำเภอเมืองลำปาง (ต.บ้านแลง ต.บ้านเสด็จ),บ้านแลง,5,547,345
เขต,ลำปาง,อำเภอเมืองลำปาง (ต.บ้านแลง ต.บ้านเสด็จ),บ้านแลง,6,293,170
เขต,ลำปาง,อำเภอเมืองลำปาง (ต.บ้านแลง ต.บ้านเสด็จ),บ้านแลง,7,24,10
เขต,ลำปาง,อำเภอเมืองลำปาง (ต.บ้านแลง ต.บ้านเสด็จ),บ้านแลง,8,647,432
เขต,ลำปาง,อำเภอเมืองลำปาง (ต.บ้านแลง ต.บ้านเสด็จ),บ้านแลง,9,418,279
บช,ลำปาง,อำเภอเมืองลำปาง (ต.บ้านแลง ต.บ้านเสด็จ),บ้านเสด็จ,1,787,633
บช,ลำปาง,อำเภอเมืองลำปาง (ต.บ้านแลง ต.บ้านเสด็จ),บ้านเสด็จ,10,355,222
บช,ลำปาง,อำเภอเมืองลำปาง (ต.บ้านแลง ต.บ้านเสด็จ),บ้านเสด็จ,11,764,473
บช,ลำปาง,อำเภอเมืองลำปาง (ต.บ้านแลง ต.บ้านเสด็จ),บ้านเสด็จ,12,217,143
บช,ลำปาง,อำเภอเมืองลำปาง (ต.บ้านแลง ต.บ้านเสด็จ),บ้านเสด็จ,13,48,-1
บช,ลำปาง,อำเภอเมืองลำปาง (ต.บ้านแลง ต.บ้านเสด็จ),บ้านเสด็จ,14,-1,287
บช,ลำปาง,อำเภอเมืองลำปาง (ต.บ้านแลง ต.บ้านเสด็จ),บ้านเสด็จ,15,-1,314
บช,ลำปาง,อำเภอเมืองลำปาง (ต.บ้านแลง ต.บ้านเสด็จ),บ้านเสด็จ,16,517,347
บช,ลำปาง,อำเภอเมืองลำปาง (ต.บ้านแลง ต.บ้านเสด็จ),บ้านเสด็จ,17,199,146
บช,ลำปาง,อำเภอเมืองลำปาง (ต.บ้านแลง ต.บ้านเสด็จ),บ้านเสด็จ,18,160,107
บช,ลำปาง,อำเภอเมืองลำปาง (ต.บ้านแลง ต.บ้านเสด็จ),บ้านเสด็จ,19,451,282
บช,ลำปาง,อำเภอเมืองลำปาง (ต.บ้านแลง ต.บ้านเสด็จ),บ้านเสด็จ,2,414,268
บช,ลำปาง,อำเภอเมืองลำปาง (ต.บ้านแลง ต.บ้านเสด็จ),บ้านเสด็จ,3,-1,267
บช,ลำปาง,อำเภอเมืองลำปาง (ต.บ้านแลง ต.บ้านเสด็จ),บ้านเสด็จ,4,466,310
บช,ลำปาง,อำเภอเมืองลำปาง (ต.บ้านแลง ต.บ้านเสด็จ),บ้านเสด็จ,5,-1,501
บช,ลำปาง,อำเภอเมืองลำปาง (ต.บ้านแลง ต.บ้านเสด็จ),บ้านเสด็จ,6,403,272
บช,ลำปาง,อำเภอเมืองลำปาง (ต.บ้านแลง ต.บ้านเสด็จ),บ้านเสด็จ,7,903,-1
บช,ลำปาง,อำเภอเมืองลำปาง (ต.บ้านแลง ต.บ้านเสด็จ),บ้านเสด็จ,8,435,-1
บช,ลำปาง,อำเภอเมืองลำปาง (ต.บ้านแลง ต.บ้านเสด็จ),บ้านเสด็จ,9,531,-1
บช,ลำปาง,อำเภอเมืองลำปาง (ต.บ้านแลง ต.บ้านเสด็จ),บ้านแลง,1,439,284
บช,ลำปาง,อำเภอเมืองลำปาง (ต.บ้านแลง ต.บ้านเสด็จ),บ้านแลง,10,244,166
บช,ลำปาง,อำเภอเมืองลำปาง (ต.บ้านแลง ต.บ้านเสด็จ),บ้านแลง,11,730,479
บช,ลำปาง,อำเภอเมืองลำปาง (ต.บ้านแลง ต.บ้านเสด็จ),บ้านแลง,12,280,200
บช,ลำปาง,อำเภอเมืองลำปาง (ต.บ้านแลง ต.บ้านเสด็จ),บ้านแลง,2,320,215
บช,ลำปาง,อำเภอเมืองลำปาง (ต.บ้านแลง ต.บ้านเสด็จ),บ้านแลง,3,-1,446
บช,ลำปาง,อำเภอเมืองลำปาง (ต.บ้านแลง ต.บ้านเสด็จ),บ้านแลง,4,534,366
บช,ลำปาง,อำเภอเมืองลำปาง (ต.บ้านแลง ต.บ้านเสด็จ),บ้านแลง,5,547,345
บช,ลำปาง,อำเภอเมืองลำปาง (ต.บ้านแลง ต.บ้านเสด็จ),บ้านแลง,6,203,199
บช,ลำปาง,อำเภอเมืองลำปาง (ต.บ้านแลง ต.บ้านเสด็จ),บ้านแลง,7,29,112
บช,ลำปาง,อำเภอเมืองลำปาง (ต.บ้านแลง ต.บ้านเสด็จ),บ้านแลง,8,67,432
บช,ลำปาง,อำเภอเมืองลำปาง (ต.บ้านแลง ต.บ้านเสด็จ),บ้านแลง,9,418,-1
เขต,ลำปาง,อำเภอแจ้ห่ม,ทุ่งผึ้ง,1,-1,419
เขต,ลำปาง,อำเภอแจ้ห่ม,ทุ่งผึ้ง,2,626,483
เขต,ลำปาง,อำเภอแจ้ห่ม,ทุ่งผึ้ง,3,433,303
เขต,ลำปาง,อำเภอแจ้ห่ม,ทุ่งผึ้ง,4,499,383
เขต,ลำปาง,อำเภอแจ้ห่ม,ทุ่งผึ้ง,5,39,38
เขต,ลำปาง,อำเภอแจ้ห่ม,ทุ่งผึ้ง,6,320,320
เขต,ลำปาง,อำเภอแจ้ห่ม,ทุ่งผึ้ง,7,374,324
เขต,ลำปาง,อำเภอแจ้ห่ม,ทุ่งผึ้ง,8,199,150
เขต,ลำปาง,อำเภอแจ้ห่ม,บ้านสา,1,340,-1
เขต,ลำปาง,อำเภอแจ้ห่ม,บ้านสา,10,452,341
เขต,ลำปาง,อำเภอแจ้ห่ม,บ้านสา,2,740,740
เขต,ลำปาง,อำเภอแจ้ห่ม,บ้านสา,3,460,580
เขต,ลำปาง,อำเภอแจ้ห่ม,บ้านสา,4,548,579
เขต,ลำปาง,อำเภอแจ้ห่ม,บ้านสา,5,405,329
เขต,ลำปาง,อำเภอแจ้ห่ม,บ้านสา,6,286,-1
เขต,ลำปาง,อำเภอแจ้ห่ม,บ้านสา,7,458,395
เขต,ลำปาง,อำเภอแจ้ห่ม,บ้านสา,8,320,71
เขต,ลำปาง,อำเภอแจ้ห่ม,บ้านสา,9,413,298
เขต,ลำปาง,อำเภอแจ้ห่ม,วิเชตนคร,1,316,232
เขต,ลำปาง,อำเภอแจ้ห่ม,วิเชตนคร,10,377,535
เขต,ลำปาง,อำเภอแจ้ห่ม,วิเชตนคร,11,338,250
เขต,ลำปาง,อำเภอแจ้ห่ม,วิเชตนคร,12,257,254
เขต,ลำปาง,อำเภอแจ้ห่ม,วิเชตนคร,2,700,539
เขต,ลำปาง,อำเภอแจ้ห่ม,วิเชตนคร,3,69,405
เขต,ลำปาง,อำเภอแจ้ห่ม,วิเชตนคร,4,33,10
เขต,ลำปาง,อำเภอแจ้ห่ม,วิเชตนคร,5,711,462
เขต,ลำปาง,อำเภอแจ้ห่ม,วิเชตนคร,6,633,433
เขต,ลำปาง,อำเภอแจ้ห่ม,วิเชตนคร,7,359,244
เขต,ลำปาง,อำเภอแจ้ห่ม,วิเชตนคร,8,708,289
เขต,ลำปาง,อำเภอแจ้ห่ม,วิเชตนคร,9,403,292
เขต,ลำปาง,อำเภอแจ้ห่ม,เมืองมาย,1,203,174
เขต,ลำปาง,อำเภอแจ้ห่ม,เมืองมาย,2,470,910
เขต,ลำปาง,อำเภอแจ้ห่ม,เมืองมาย,3,256,199
เขต,ลำปาง,อำเภอแจ้ห่ม,เมืองมาย,4,138,79
เขต,ลำปาง,อำเภอแจ้ห่ม,เมืองมาย,5,403,319
เขต,ลำปาง,อำเภอแจ้ห่ม,เมืองมาย,6,683,553
เขต,ลำปาง,อำเภอแจ้ห่ม,เมืองมาย,7,522,384
เขต,ลำปาง,อำเภอแจ้ห่ม,แม่สุก,1,373,270
เขต,ลำปาง,อำเภอแจ้ห่ม,แม่สุก,10,70,42
เขต,ลำปาง,อำเภอแจ้ห่ม,แม่สุก,11,466,308
เขต,ลำปาง,อำเภอแจ้ห่ม,แม่สุก,12,403,296
เขต,ลำปาง,อำเภอแจ้ห่ม,แม่สุก,2,636,462
เขต,ลำปาง,อำเภอแจ้ห่ม,แม่สุก,3,476,325
เขต,ลำปาง,อำเภอแจ้ห่ม,แม่สุก,4,514,312
เขต,ลำปาง,อำเภอแจ้ห่ม,แม่สุก,5,334,235
เขต,ลำปาง,อำเภอแจ้ห่ม,แม่สุก,6,566,400
เขต,ลำปาง,อำเภอแจ้ห่ม,แม่สุก,7,421,387
เขต,ลำปาง,อำเภอแจ้ห่ม,แม่สุก,8,405,238
เขต,ลำปาง,อำเภอแจ้ห่ม,แม่สุก,9,427,232
เขต,ลำปาง,อำเภอแจ้ห่ม,แจ้ห่ม,1,766,487
เขต,ลำปาง,อำเภอแจ้ห่ม,แจ้ห่ม,2,66,51
เขต,ลำปาง,อำเภอแจ้ห่ม,แจ้ห่ม,3,429,299
เขต,ลำปาง,อำเภอแจ้ห่ม,แจ้ห่ม,4,704,200
เขต,ลำปาง,อำเภอแจ้ห่ม,แจ้ห่ม,5,744,507
เขต,ลำปาง,อำเภอแจ้ห่ม,แจ้ห่ม,6,620,415
เขต,ลำปาง,อำเภอแจ้ห่ม,แจ้ห่ม,1,141,87
เขต,ลำปาง,อำเภอแจ้ห่ม,แจ้ห่ม,2,327,246
เขต,ลำปาง,อำเภอแจ้ห่ม,แจ้ห่ม,3,465,303
เขต,ลำปาง,อำเภอแจ้ห่ม,แจ้ห่ม,4,469,357
เขต,ลำปาง,อำเภอแจ้ห่ม,แจ้ห่ม,5,479,366
เขต,ลำปาง,อำเภอแจ้ห่ม,แจ้ห่ม,6,738,490
เขต,ลำปาง,อำเภอแจ้ห่ม,แจ้ห่ม,7,410,293
เขต,ลำปาง,อำเภอแจ้ห่ม,แจ้ห่ม,8,302,217
เขต,ลำปาง,อำเภอแจ้ห่ม,ปงดอน,1,41,262
เขต,ลำปาง,อำเภอแจ้ห่ม,ปงดอน,2,422,265
เขต,ลำปาง,อำเภอแจ้ห่ม,ปงดอน,3,572,326
เขต,ลำปาง,อำเภอแจ้ห่ม,ปงดอน,4,683,44
เขต,ลำปาง,อำเภอแจ้ห่ม,ปงดอน,5,373,245
เขต,ลำปาง,อำเภอแจ้ห่ม,ปงดอน,6,80,-1
เขต,ลำปาง,อำเภอแจ้ห่ม,ปงดอน,7,724,439
เขต,ลำปาง,อำเภอแจ้ห่ม,ปงดอน,8,300,20
เขต,ลำปาง,อำเภอแจ้ห่ม,ปงดอน,9,116,107
บช,ลำปาง,อำเภอแจ้ห่ม,บ้านสา,1,375,-1
บช,ลำปาง,อำเภอแจ้ห่ม,บ้านสา,10,482,241
บช,ลำปาง,อำเภอแจ้ห่ม,บ้านสา,2,304,250
บช,ลำปาง,อำเภอแจ้ห่ม,บ้านสา,3,480,389
บช,ลำปาง,อำเภอแจ้ห่ม,บ้านสา,4,548,973
บช,ลำปาง,อำเภอแจ้ห่ม,บ้านสา,5,-1,329
บช,ลำปาง,อำเภอแจ้ห่ม,บ้านสา,6,256,213
บช,ลำปาง,อำเภอแจ้ห่ม,บ้านสา,7,457,345
บช,ลำปาง,อำเภอแจ้ห่ม,บ้านสา,8,342,-1
บช,ลำปาง,อำเภอแจ้ห่ม,บ้านสา,9,413,298
บช,ลำปาง,อำเภอแจ้ห่ม,ปงดอน,1,418,309
บช,ลำปาง,อำเภอแจ้ห่ม,ปงดอน,2,422,265
บช,ลำปาง,อำเภอแจ้ห่ม,ปงดอน,3,512,326
บช,ลำปาง,อำเภอแจ้ห่ม,ปงดอน,4,683,-1
บช,ลำปาง,อำเภอแจ้ห่ม,ปงดอน,5,373,245
บช,ลำปาง,อำเภอแจ้ห่ม,ปงดอน,6,84,56
บช,ลำปาง,อำเภอแจ้ห่ม,ปงดอน,7,104,439
บช,ลำปาง,อำเภอแจ้ห่ม,ปงดอน,8,300,104
บช,ลำปาง,อำเภอแจ้ห่ม,ปงดอน,9,107,107
บช,ลำปาง,อำเภอแจ้ห่ม,วิเชตนคร,1,316,232
บช,ลำปาง,อำเภอแจ้ห่ม,วิเชตนคร,10,777,535
บช,ลำปาง,อำเภอแจ้ห่ม,วิเชตนคร,11,338,250
บช,ลำปาง,อำเภอแจ้ห่ม,วิเชตนคร,12,251,237
บช,ลำปาง,อำเภอแจ้ห่ม,วิเชตนคร,2,700,539
บช,ลำปาง,อำเภอแจ้ห่ม,วิเชตนคร,3,692,488
บช,ลำปาง,อำเภอแจ้ห่ม,วิเชตนคร,4,597,602
บช,ลำปาง,อำเภอแจ้ห่ม,วิเชตนคร,5,713,412
บช,ลำปาง,อำเภอแจ้ห่ม,วิเชตนคร,6,633,433
บช,ลำปาง,อำเภอแจ้ห่ม,วิเชตนคร,7,359,224
บช,ลำปาง,อำเภอแจ้ห่ม,วิเชตนคร,8,908,289
บช,ลำปาง,อำเภอแจ้ห่ม,วิเชตนคร,9,403,292
บช,ลำปาง,อำเภอแจ้ห่ม,เมืองมาย,1,203,174
บช,ลำปาง,อำเภอแจ้ห่ม,เมืองมาย,2,448,310
บช,ลำปาง,อำเภอแจ้ห่ม,เมืองมาย,3,296,199
บช,ลำปาง,อำเภอแจ้ห่ม,เมืองมาย,4,38,99
บช,ลำปาง,อำเภอแจ้ห่ม,เมืองมาย,5,483,320
บช,ลำปาง,อำเภอแจ้ห่ม,เมืองมาย,6,683,553
บช,ลำปาง,อำเภอแจ้ห่ม,เมืองมาย,7,522,389
บช,ลำปาง,อำเภอแจ้ห่ม,แจ้ห่ม,1,141,87
บช,ลำปาง,อำเภอแจ้ห่ม,แจ้ห่ม,2,329,246
บช,ลำปาง,อำเภอแจ้ห่ม,แจ้ห่ม,3,465,303
บช,ลำปาง,อำเภอแจ้ห่ม,แจ้ห่ม,4,460,357
บช,ลำปาง,อำเภอแจ้ห่ม,แจ้ห่ม,5,515,466
บช,ลำปาง,อำเภอแจ้ห่ม,แจ้ห่ม,6,738,490
บช,ลำปาง,อำเภอแจ้ห่ม,แจ้ห่ม,7,410,293
บช,ลำปาง,อำเภอแจ้ห่ม,แจ้ห่ม,8,302,217
บช,ลำปาง,อำเภอแจ้ห่ม,แจ้ห่ม,1,766,430
บช,ลำปาง,อำเภอแจ้ห่ม,แจ้ห่ม,2,66,51
บช,ลำปาง,อำเภอแจ้ห่ม,แจ้ห่ม,3,429,299
บช,ลำปาง,อำเภอแจ้ห่ม,แจ้ห่ม,4,304,200
บช,ลำปาง,อำเภอแจ้ห่ม,แจ้ห่ม,5,744,507
บช,ลำปาง,อำเภอแจ้ห่ม,แจ้ห่ม,6,620,415
บช,ลำปาง,อำเภอแจ้ห่ม,ทุ่งผึ้ง,1,552,419
บช,ลำปาง,อำเภอแจ้ห่ม,ทุ่งผึ้ง,2,600,483
บช,ลำปาง,อำเภอแจ้ห่ม,ทุ่งผึ้ง,3,439,303
บช,ลำปาง,อำเภอแจ้ห่ม,ทุ่งผึ้ง,4,499,383
บช,ลำปาง,อำเภอแจ้ห่ม,ทุ่งผึ้ง,5,980,337
บช,ลำปาง,อำเภอแจ้ห่ม,ทุ่งผึ้ง,6,418,326
บช,ลำปาง,อำเภอแจ้ห่ม,ทุ่งผึ้ง,7,294,224
บช,ลำปาง,อำเภอแจ้ห่ม,ทุ่งผึ้ง,8,175,150
บช,ลำปาง,อำเภอแจ้ห่ม,แม่สุก,1,373,270
บช,ลำปาง,อำเภอแจ้ห่ม,แม่สุก,10,7,8
บช,ลำปาง,อำเภอแจ้ห่ม,แม่สุก,11,466,308
บช,ลำปาง,อำเภอแจ้ห่ม,แม่สุก,12,403,296
บช,ลำปาง,อำเภอแจ้ห่ม,แม่สุก,2,636,-1
บช,ลำปาง,อำเภอแจ้ห่ม,แม่สุก,3,476,925
บช,ลำปาง,อำเภอแจ้ห่ม,แม่สุก,4,514,392
บช,ลำปาง,อำเภอแจ้ห่ม,แม่สุก,5,334,295
บช,ลำปาง,อำเภอแจ้ห่ม,แม่สุก,6,566,400
บช,ลำปาง,อำเภอแจ้ห่ม,แม่สุก,7,420,299
บช,ลำปาง,อำเภอแจ้ห่ม,แม่สุก,8,405,238
บช,ลำปาง,อำเภอแจ้ห่ม,แม่สุก,9,427,282
